awards,name,station,genre,pr,dinner_budget,lunch_budget,rating,holiday,url,reserve_status,reserve_method,transportation,opening_time,extra_holiday_info,payment_methods,geo_coordinates,telephone,address,num_review,type,visited,latitude,longitude,reviews
食べログ ラーメン TOKYO 百名店 2023 選出店,らぁ麺や 嶋,西新宿五丁目駅 363m , ラーメン・つけ麺(ラーメン)、ラーメン・つけ麺(つけ麺),,-,-,3.99,土曜日、日曜日、祝日,https://tabelog.com/tokyo/A1304/A130401/13247487/,予約可,■ご来店日の前日朝8:00より予約サービスTableCheckにて8:45～14:00入店分のご予約受付開始※当日予約の店頭記帳制は廃止※当日 各時間の予約キャンセル等で空席がでた場合、キャンセル席待ちとして一部店頭受付を行います。※なお、当日お並びいただいてもご案内できない場合がございますため、予めご了承ください。,◼️都営大江戸線 西新宿五丁目駅 A2出口から徒歩5分 西新宿五丁目駅から363m,08:45 - 14:30,■入店時間8:45～、9:30～、10:00～、10:30～、11:05～、11:45～、12:15～、12:45～、13:30～、14:00～※前日朝8:00よりTableCheckでご予約受付開始,カード不可 電子マネー不可 QRコード決済不可,"35.68834184165506,139.68087413976107",不明の為情報お待ちしております,東京都渋谷区本町3-41-12 ,1513,ramen,True,35.68834184165506,139.68087413976107,
食べログ ラーメン TOKYO 百名店 2023 選出店,Ramen FeeL,日向和田駅 718m , ラーメン・つけ麺(ラーメン),,-,-,3.98,水曜日,https://tabelog.com/tokyo/A1330/A133003/13254631/,予約可,2024年1月10日から開始。店主のXまたはInstagramからTable Checkの予約ページに飛べます。,JR日向和田駅から徒歩15分 日向和田駅から718m,,,カード可 電子マネー可 （交通系電子マネー（Suicaなど）） QRコード決済可 （PayPay）,"35.7887116384743,139.22177598585188",0428-85-9382,東京都青梅市梅郷4-695-1 ,951,ramen,False,35.7887116384743,139.22177598585188,
食べログ ラーメン TOKYO 百名店 2023 選出店,Homemade Ramen 麦苗,大森海岸駅 419m , ラーメン・つけ麺(ラーメン)、ラーメン・つけ麺(つけ麺),化学調味料は一切不使用。麺、具材と天然素材由来の出汁が織りなす、滋味深き1杯の余韻に浸る,"￥1,000～￥1,999","￥1,000～￥1,999",3.96,水曜日、木曜日,https://tabelog.com/tokyo/A1315/A131502/13194812/,予約不可,,・京浜急行本線「大森海岸」駅より、徒歩７分・JR京浜東北線「大森」駅(北口)より、徒歩７分 大森海岸駅から419m,11:00 - 15:30,■ 営業時間＊注＊午前9時頃からウェイティングボードが店頭に出ますので注意書きをよく確認の上、記名し、指定された集合時刻に戻ってくるシステムです。一人で複数人数分の席も取れます。■ 定休日他にも月に数日有。twitterにて確認,カード不可 電子マネー不可 QRコード決済不可,"35.59077613876275,139.73280328349432",非公開,東京都品川区南大井6-11-10 ,2147,ramen,True,35.59077613876275,139.73280328349432,
食べログ ラーメン TOKYO 百名店 2023 選出店,宍道湖しじみ中華蕎麦 琥珀 東京本店,雑色駅 387m , ラーメン・つけ麺(ラーメン),,-,-,3.95,日曜日、祝日,https://tabelog.com/tokyo/A1315/A131503/13234195/,完全予約制,4月1日以降のご予約は X（旧Twitter）または Instagram のトップページにあるリンクから承ります,京浜急行雑色駅から徒歩5分JR蒲田駅から徒歩15分 雑色駅から387m,11:30 - 15:30,※営業日は予約サイトにてご確認ください,カード不可 電子マネー不可 QRコード決済不可,"35.55124683878097,139.7111869831102",03-6690-0893,東京都大田区西六郷2-1-3 ,1418,ramen,True,35.55124683878097,139.7111869831102,
食べログ ラーメン TOKYO 百名店 2023 選出店,ジャパニーズ ラーメン 五感,池袋駅 722m , ラーメン・つけ麺(ラーメン)、ラーメン・つけ麺(つけ麺),,-,-,3.95,月曜日、火曜日,https://tabelog.com/tokyo/A1305/A130501/13284009/,完全予約制,毎週日曜11:00より翌週水〜日まで予約受付。X、インスタ、Googleのトップページからtable check（web予約サイト）でご予約お願い致します。,池袋駅東口から徒歩9分 池袋駅から722m,,,カード不可 電子マネー不可 QRコード決済不可,"35.733079138667634,139.71790538494216",不明の為情報お待ちしております,東京都豊島区東池袋2-57-2 コスモ東池袋 101,859,ramen,True,35.733079138667634,139.71790538494216,
食べログ ラーメン TOKYO 百名店 2023 選出店,メヂカそば 吟魚,万願寺駅 194m , ラーメン・つけ麺(ラーメン),,-,-,3.95,火曜日、水曜日,https://tabelog.com/tokyo/A1329/A132903/13272366/,予約不可,,多摩モノレール 万願寺駅から 徒歩4分京王線 高幡不動駅から 徒歩14分 万願寺駅から194m,11:00 - 14:30L.O. 14:30,■ 営業時間※スープ売切れ次第閉店■ 定休日不定休,カード不可 電子マネー不可 QRコード決済不可,"35.6696090386128,139.41912728451052",非公開,東京都日野市石田2-9-1 ,571,ramen,False,35.6696090386128,139.41912728451052,
,奈つやの中華そば,下丸子駅 159m , ラーメン・つけ麺(ラーメン),,-,-,3.94,火曜日、金曜日,https://tabelog.com/tokyo/A1317/A131716/13293385/,予約不可,,下丸子駅から159m,,,カード不可 電子マネー不可 QRコード決済不可,"35.57140284817609,139.68389120317588",不明の為情報お待ちしております,東京都大田区下丸子4-4-8 ,497,ramen,False,35.57140284817609,139.68389120317588,
食べログ ラーメン TOKYO 百名店 2023 選出店,麺屋吉左右,木場駅 336m , ラーメン・つけ麺(ラーメン)、ラーメン・つけ麺(つけ麺),,-,-,3.93,水曜日、金曜日、日曜日,https://tabelog.com/tokyo/A1313/A131303/13021140/,予約不可,,【電車】東京メトロ東西線「木場」駅(2番出口)から徒歩5分東京メトロ東西線「東陽町」駅(2番出口)から徒歩8分【バス】都バス「東陽三丁目」停留所下車、徒歩2分（東京駅丸の内北口、東雲駅、錦糸町駅、豊洲駅などからあり）※東雲方面からは東陽一丁目バス停からのほうが近いです 木場駅から336m,,,カード不可 電子マネー不可 QRコード決済不可,"35.6684675387381,139.81030768422477",03-3699-5929,東京都江東区東陽1-11-3 ,2107,ramen,False,35.6684675387381,139.81030768422477,
,饗 くろ喜,浅草橋駅 72m , ラーメン・つけ麺(ラーメン),,"￥1,000～￥1,999","￥1,000～￥1,999",3.93,日曜日,https://tabelog.com/tokyo/A1311/A131103/13290780/,予約不可,,JR中央総武緩行線浅草橋駅東口徒歩２分地下鉄都営浅草線浅草橋駅徒歩２分（京浜急行、京成電鉄相互乗り入れ） 浅草橋駅から72m,,,カード不可 電子マネー不可 QRコード決済不可,"35.698005638711415,139.78540768454056",03-3863-7117,東京都台東区浅草橋1-28-9 ROJI ASAKUSABASHI 1F,748,ramen,True,35.698005638711415,139.78540768454056,
食べログ ラーメン TOKYO 百名店 2023 選出店,Tokyo Style Noodle ほたて日和,秋葉原駅 330m , ラーメン・つけ麺(つけ麺)、ラーメン・つけ麺(ラーメン),,"￥1,000～￥1,999","￥1,000～￥1,999",3.92,水曜日,https://tabelog.com/tokyo/A1310/A131001/13280086/,予約不可,,JR秋葉原駅昭和通り口から徒歩3分 秋葉原駅から330m,11:00 - 14:40,事前記帳,カード不可 電子マネー不可 QRコード決済不可,"35.69851697714618,139.7771560190535",03-3863-3773,東京都千代田区神田佐久間町2-25 ,816,ramen,False,35.69851697714618,139.7771560190535,
食べログ ラーメン TOKYO 百名店 2023 選出店,麺処 しろくろ,八幡山駅 57m , ラーメン・つけ麺(ラーメン),,～￥999,～￥999,3.91,月曜日,https://tabelog.com/tokyo/A1318/A131809/13242508/,予約不可,,京王線八幡山駅から徒歩1分 八幡山駅から57m,,,カード不可 電子マネー不可 QRコード決済不可,"35.66976143867525,139.61552868437434",不明の為情報お待ちしております,東京都杉並区上高井戸1-1-7 ,873,ramen,False,35.66976143867525,139.61552868437434,
食べログ ラーメン TOKYO 百名店 2023 選出店,Ramen Break Beats,祐天寺駅 829m , ラーメン・つけ麺(ラーメン),,"￥1,000～￥1,999","￥1,000～￥1,999",3.9,月曜日、火曜日、水曜日,https://tabelog.com/tokyo/A1317/A131701/13267329/,完全予約制,,東急東横線「祐天寺駅」徒歩13分東急バス 黒０６系統（目黒駅〜三軒茶屋）「祐天寺裏」停留所下車 徒歩4分 祐天寺駅から829m,11:30 - 15:00,■ 定休日不定休、Instagram、Xでご確認ください。■予約公式SNSでご確認ください。,カード可 （VISA、Master、JCB、AMEX、Diners） 電子マネー可 （交通系電子マネー（Suicaなど）、楽天Edy、WAON、iD） QRコード決済可 （PayPay、d払い、楽天ペイ、au PAY）,"35.63351513872478,139.69876768394988",不明の為情報お待ちしております,東京都目黒区目黒4-21-19 アイビーハイツ 1F,1051,ramen,True,35.63351513872478,139.69876768394988,
食べログ ラーメン TOKYO 百名店 2023 選出店,入鹿TOKYO,東久留米駅 206m , ラーメン・つけ麺(ラーメン),,～￥999,～￥999,3.9,-,https://tabelog.com/tokyo/A1328/A132802/13234223/,予約不可,,西武池袋線・東久留米駅西口から徒歩3分 東久留米駅から206m,11:00 - 15:00,■ 営業時間[月]＊店内営業[火～日]＊テイクアウトのみ■ 定休日不定休,カード不可 電子マネー不可 QRコード決済不可,"35.759212538591875,139.53214608533634",042-470-8082,東京都東久留米市本町1-4-28 ,568,ramen,False,35.759212538591875,139.53214608533634,
,中華そば 鴨福,八王子市 , ラーメン・つけ麺(ラーメン),,"￥1,000～￥1,999","￥1,000～￥1,999",3.9,月曜日、木曜日、日曜日、祝日,https://tabelog.com/tokyo/A1329/A132904/13297180/,予約不可,,"JR八王子駅北口から徒歩14分 八王子駅から1,036m",11:00 - 15:00,【定休日】月曜日、木曜日、日曜日、祝日※夜営業はしばらくお休みします。【備考】売り切れ次第終了券売機無し現金のみ 対面手売り前払い制＊1万円等 くずして行く事をオススメします。,カード不可 電子マネー不可 QRコード決済不可,"35.657443038591474,139.32792498445153",不明の為情報お待ちしております,東京都八王子市小門町5-3 ,204,ramen,False,35.657443038591474,139.32792498445153,
食べログ ラーメン TOKYO 百名店 2023 選出店,創作麺工房 鳴龍,新大塚駅 320m , ラーメン・つけ麺(担々麺)、ラーメン・つけ麺(ラーメン)、ラーメン・つけ麺(つけ麺),,"￥1,000～￥1,999","￥1,000～￥1,999",3.89,火曜日,https://tabelog.com/tokyo/A1323/A132302/13141302/,完全予約制,"2024/02/01より整理券制導入営業日の午前8:00より受付・発券開始店頭に設置されるタブレット端末で当日分の受付・発券が可能予約可能時間は11:00からの30分刻み(11:00,11:30,12:00,12:30,13:00,13:30,14:00,14:30,15:00,15:30)",東京メトロ 丸ノ内線 新大塚駅北口より徒歩5分JR 山手線 大塚駅南口より徒歩６分 新大塚駅から320m,,,カード不可 電子マネー不可 QRコード決済不可,"35.72867583867439,139.73034258488897",03-6304-1811,東京都豊島区南大塚2-34-4 SKY南大塚 1F,2011,ramen,False,35.72867583867439,139.73034258488897,
食べログ ラーメン TOKYO 百名店 2023 選出店,入鹿TOKYO 六本木,六本木駅 233m , ラーメン・つけ麺(ラーメン),,"￥1,000～￥1,999","￥1,000～￥1,999",3.89,月曜日,https://tabelog.com/tokyo/A1307/A130701/13264260/,予約不可,,六本木駅7番出口から徒歩2分 六本木駅から233m,,,カード不可 電子マネー不可 QRコード決済不可,"35.66476997262819,139.73168267207618",03-5786-0029,東京都港区六本木4-12-12 穂高ビル 1F,1771,ramen,True,35.66476997262819,139.73168267207618,
食べログ ラーメン TOKYO 百名店 2023 選出店,純手打ち だるま,中野富士見町駅 75m , ラーメン・つけ麺(ラーメン),,"￥1,000～￥1,999","￥1,000～￥1,999",3.89,-,https://tabelog.com/tokyo/A1319/A131903/13218715/,予約不可,,中野富士見町駅から75m,11:30 - 15:00,■ 定休日不定休（備考欄、Twitter、Googleの毎月営業カレンダー参照）,カード不可 電子マネー不可 QRコード決済不可,"35.69094203867803,139.66652248455256",非公開,東京都杉並区和田1-18-3 ,1081,ramen,False,35.69094203867803,139.66652248455256,
,麺 みつヰ,田原町駅 36m , ラーメン・つけ麺(ラーメン)、丼,,"￥1,000～￥1,999","￥1,000～￥1,999",3.89,月曜日、日曜日,https://tabelog.com/tokyo/A1311/A131102/13284327/,予約不可,,田原町駅から36m,,,カード可 電子マネー可 QRコード決済不可,"35.70953363870565,139.79032188465357",不明の為情報お待ちしております,東京都台東区寿2-9-15 ,678,ramen,False,35.70953363870565,139.79032188465357,
食べログ ラーメン TOKYO 百名店 2023 選出店,中華そば 多賀野,荏原中延駅 36m , ラーメン・つけ麺(ラーメン)、ラーメン・つけ麺(つけ麺),,-,-,3.88,水曜日,https://tabelog.com/tokyo/A1317/A131712/13003421/,予約不可,,・東急池上線「荏原中延」駅から徒歩1分・都営地下鉄浅草線「中延」駅(A3出口)から徒歩9分・東急大井町線「戸越公園」駅(南口)から徒歩8分 荏原中延駅から36m,11:30 - 14:30,臨時休業のお知らせ５日(火)、9日(日)お休みさせて頂きます。よろしくお願いします。■ 営業時間スープが終わり次第終了,カード不可 電子マネー不可 QRコード決済不可,"35.60971553874397,139.71155868370053",03-3787-2100,東京都品川区中延2-15-10 ,1932,ramen,False,35.60971553874397,139.71155868370053,
食べログ ラーメン TOKYO 百名店 2023 選出店,中華そば べんてん,地下鉄成増駅 180m , ラーメン・つけ麺(ラーメン)、ラーメン・つけ麺(つけ麺),,-,-,3.88,日曜日,https://tabelog.com/tokyo/A1322/A132204/13200351/,予約不可,,東京メトロ有楽町線・副都心線「地下鉄成増」駅(1番出口)から徒歩3分東武東上線「成増」駅(南口)から徒歩6分 地下鉄成増駅から180m,,,カード不可 電子マネー不可 QRコード決済不可,"35.776162657683805,139.62925132804418",不明の為情報お待ちしております,東京都練馬区旭町3-25-2 ,1289,ramen,False,35.776162657683805,139.62925132804418,
食べログ ラーメン TOKYO 百名店 2023 選出店,中華蕎麦 ひら井,府中市 , ラーメン・つけ麺(ラーメン)、ラーメン・つけ麺(つけ麺),,-,-,3.88,火曜日,https://tabelog.com/tokyo/A1326/A132602/13259078/,予約不可,行列や待ち時間の確認のための営業時間中の問い合わせはお控えください。,"北府中・国分寺から徒歩1.5キロまたは国分寺駅より京王バス[寺91]明星学苑経由府中駅（東京都）行き乗車「京王ストア栄町店」下車191m 北府中駅から1,072m",,,カード不可 電子マネー不可 QRコード決済不可,"35.688034438620356,139.47960898465422",不明の為情報お待ちしております,東京都府中市栄町2-11-7 ,936,ramen,False,35.688034438620356,139.47960898465422,
,手打ち 陰日向,分倍河原駅 387m , ラーメン・つけ麺(ラーメン),,"￥1,000～￥1,999","￥1,000～￥1,999",3.88,水曜日,https://tabelog.com/tokyo/A1326/A132602/13297403/,予約不可,,分倍河原駅から387m,11:00 - 15:00,電話番号は非公開,カード不可 電子マネー不可 QRコード決済不可,"35.67164853862677,139.46707858449747",不明の為情報お待ちしております,東京都府中市美好町3-9-10 ,379,ramen,False,35.67164853862677,139.46707858449747,
食べログ ラーメン TOKYO 百名店 2023 選出店,麺屋 さくら井,三鷹駅 755m , ラーメン・つけ麺(ラーメン),,～￥999,～￥999,3.87,水曜日,https://tabelog.com/tokyo/A1320/A132002/13202438/,予約不可,,＜電車を使う場合＞JR中央線または総武線「三鷹」駅(北口)から徒歩12分＜バスを使う場合＞関東バス・西武バス「西久保二丁目」が最寄りバス停から徒歩3分 三鷹駅から755m,11:30 - 15:00,■ 定休日水曜は豚骨魚介のお店 KEN軒 として営業,カード不可 電子マネー可 （交通系電子マネー（Suicaなど）、iD、QUICPay） QRコード決済不可,"35.709476838632206,139.5596108848147",不明の為情報お待ちしております,東京都武蔵野市西久保2-15-27 ,1691,ramen,True,35.709476838632206,139.5596108848147,"too far, nothing i can recall"
食べログ ラーメン TOKYO 百名店 2023 選出店,タンタン,八王子駅 412m , ラーメン・つけ麺(ラーメン),,-,-,3.87,月曜日、土曜日、日曜日、祝日,https://tabelog.com/tokyo/A1329/A132904/13046007/,予約不可,,JR中央線・横浜線・八高線「八王子駅」南口より、徒歩12分京王線「京王八王子駅」中央口より、徒歩10分 八王子駅から412m,,,カード不可 電子マネー不可 QRコード決済不可,"35.65190943859895,139.34031438438694",非公開,東京都八王子市子安町1-30-6 ,1147,ramen,False,35.65190943859895,139.34031438438694,
食べログ ラーメン TOKYO 百名店 2023 選出店,一条流がんこ総本家分家四谷荒木町,四谷三丁目駅 165m , ラーメン・つけ麺(ラーメン),,-,-,3.87,水曜日,https://tabelog.com/tokyo/A1309/A130903/13126058/,予約不可,,曙橋駅より徒歩5分四谷三丁目駅より徒歩3分 四谷三丁目駅から165m,09:00 - 14:00,■ 定休日基本は水曜日定休（公式twitterを参照のこと）,カード不可 電子マネー不可 QRコード決済不可,"35.68926773013858,139.7215065559468",非公開,東京都新宿区舟町4-1 メゾンド四谷 106,1055,ramen,False,35.68926773013858,139.7215065559468,
食べログ ラーメン TOKYO 百名店 2023 選出店,桜上水 船越,桜上水駅 236m , ラーメン・つけ麺(ラーメン),,"￥1,000～￥1,999","￥1,000～￥1,999",3.87,水曜日、日曜日,https://tabelog.com/tokyo/A1318/A131809/13281101/,予約不可,,京王線桜上水駅より徒歩3分 桜上水駅から236m,11:00 - 15:00,■ 営業時間11:00〜15:00※基本的に、売切れ無しで15時までに店頭に並べば提供可能との事(※万が一売切れ有りの日にはXにて事前にpost有り),カード不可 電子マネー不可 QRコード決済不可,"35.66881993868159,139.6335682843522",不明の為情報お待ちしております,東京都杉並区下高井戸1-21-10 1F,972,ramen,False,35.66881993868159,139.6335682843522,
食べログ ラーメン TOKYO 百名店 2023 選出店,味噌っ子 ふっく,荻窪駅 676m , ラーメン・つけ麺(ラーメン)、ラーメン・つけ麺(担々麺),,"￥1,000～￥1,999","￥1,000～￥1,999",3.86,火曜日,https://tabelog.com/tokyo/A1319/A131906/13226777/,予約不可,,関東バス・西武バス 四面道停留所徒歩3分 荻窪駅から676m,11:00 - 15:00,■ 営業時間売り切れ次第終了■ 定休日第2・4月曜日,カード不可 電子マネー可 （交通系電子マネー（Suicaなど）） QRコード決済不可,"35.70837393865029,139.61417888476532",03-6913-6649,東京都杉並区上荻2-40-11 四面道ビル 1F,1714,ramen,False,35.70837393865029,139.61417888476532,
食べログ ラーメン TOKYO 百名店 2023 選出店,中華ソバ 伊吹,志村坂上駅 426m , ラーメン・つけ麺(ラーメン),,-,-,3.86,月曜日、日曜日,https://tabelog.com/tokyo/A1322/A132205/13163874/,予約不可,,＜電車を使う場合＞都営三田線「志村坂上」駅(A2出口)より、徒歩6分＜バスを使う場合＞JR赤羽駅、東武東上線ときわ台駅より国際興業バス赤53系統「前野町４丁目」バス停下車徒歩2分 志村坂上駅から426m,11:45 - 14:30,■ 営業時間[火～土]11:45～14:30（スープ終了次第閉店。約65杯）18:40～20:35（スープ終了次第閉店。約45杯)※提供杯数やスープ終了の情報、臨時休業等は随時ホームページに記載されますので、ご来店予定の方はぜひ事前にチェックする事をおすすめいたします。,カード不可 電子マネー不可 QRコード決済不可,"35.77269303863441,139.69254428536007",080-4928-0013,東京都板橋区前野町4-58-10 見次パークマンション 1F,1554,ramen,False,35.77269303863441,139.69254428536007,
食べログ ラーメン TOKYO 百名店 2023 選出店,支那ソバ おさだ,大山駅 174m , ラーメン・つけ麺(ラーメン)、ラーメン・つけ麺(担々麺)、ラーメン・つけ麺(つけ麺),,"￥1,000～￥1,999","￥1,000～￥1,999",3.86,水曜日、土曜日,https://tabelog.com/tokyo/A1322/A132203/13266841/,予約不可,,東武東上線 大山駅 大山駅から174m,,,カード不可 電子マネー不可 QRコード決済不可,"35.74749603865411,139.7041906850974",不明の為情報お待ちしております,東京都板橋区大山金井町38-1 ,894,ramen,False,35.74749603865411,139.7041906850974,
,手打ち 蓮,森下駅 397m , ラーメン・つけ麺(ラーメン),,"￥1,000～￥1,999","￥1,000～￥1,999",3.86,月曜日、金曜日,https://tabelog.com/tokyo/A1312/A131201/13278390/,予約不可,,森下駅徒歩6分両国駅徒歩8分 森下駅から397m,11:30 - 15:00,11月19日体調不良の為お休みします。店内が狭い為、小学生未満（小学生可）のご入店はご遠慮いただいております。祝日でも月曜金曜は定休日です。,カード不可 電子マネー不可 QRコード決済不可,"35.691454138718925,139.79590768446707",不明の為情報お待ちしております,東京都墨田区千歳3-16-2 ,719,ramen,True,35.691454138718925,139.79590768446707,
,燎,新富町駅 184m , ラーメン・つけ麺(ラーメン),,"￥1,000～￥1,999","￥1,000～￥1,999",3.86,水曜日,https://tabelog.com/tokyo/A1313/A131301/13296303/,予約可,,東京メトロ有楽町線　新富町駅(5番出口)から徒歩2-3分程。東京メトロ日比谷線　築地駅(4番出口)から徒歩5-6分程。 新富町駅から184m,,,カード可 （VISA、Master、JCB、AMEX、Diners） 電子マネー可 （交通系電子マネー（Suicaなど）、楽天Edy、nanaco、QUICPay） QRコード決済可 （PayPay、d払い、楽天ペイ、au PAY）,"35.6721043768324,139.77426579083888",不明の為情報お待ちしております,東京都中央区新富1-9-5 SOPHIA GINZA 1F,435,ramen,True,35.6721043768324,139.77426579083888,
食べログ ラーメン TOKYO 百名店 2023 選出店,三ん寅,江戸川橋駅 263m , ラーメン・つけ麺(ラーメン),,-,-,3.85,-,https://tabelog.com/tokyo/A1309/A130905/13240660/,予約不可,,東京メトロ有楽町線・江戸川橋1b出口から徒歩3分東京メトロ東西線・神楽坂駅2出口から徒歩10分 江戸川橋駅から263m,11:00 - 15:00,■ 営業時間昼夜共に材料売り切れによる早目の終了あり■ 定休日不定休 (休みは店内とTwitterで告知),カード不可 電子マネー不可 QRコード決済不可,"35.70923783868675,139.73039638469257",03-6265-3989,東京都新宿区山吹町362 プレステージ362,2066,ramen,False,35.70923783868675,139.73039638469257,
食べログ ラーメン TOKYO 百名店 2023 選出店,MENSHO,護国寺駅 334m , ラーメン・つけ麺(ラーメン)、ラーメン・つけ麺(つけ麺)、ラーメン・つけ麺(汁なし担々麺),Farm to Bowl,"￥1,000～￥1,999","￥1,000～￥1,999",3.85,月曜日,https://tabelog.com/tokyo/A1323/A132302/13203848/,予約不可,,東京メトロ有楽町線「護国寺」駅(6番出口)から徒歩2分 護国寺駅から334m,11:00 - 21:00L.O. 20:40,■ 営業時間年末年始は以下の営業時間です12/28:通常営業12/29〜1/3 お休み1/4〜 通常営業,カード可 （VISA、Master、JCB、AMEX） 電子マネー可 （交通系電子マネー（Suicaなど）、楽天Edy、nanaco、WAON、iD、QUICPay） QRコード決済可 （PayPay、d払い、楽天ペイ、au PAY）,"35.71632903868171,139.72867948476545",03-6902-2878,東京都文京区音羽1-17-16 中銀音羽マンシオン１F,1538,ramen,False,35.71632903868171,139.72867948476545,
食べログ ラーメン TOKYO 百名店 2023 選出店,らーめんMAIKAGURA,千歳船橋駅 492m , ラーメン・つけ麺(ラーメン)、ラーメン・つけ麺(つけ麺),”日本だからこそ創れる一杯”でありたい。素材のチカラを最大限引き出す新進気鋭のらーめん店,"￥1,000～￥1,999","￥1,000～￥1,999",3.85,月曜日、祝後日,https://tabelog.com/tokyo/A1318/A131813/13218425/,予約不可,,千歳船橋駅徒歩７分 千歳船橋駅から492m,11:30 - 15:00L.O. 料理15:00,■ 営業時間但し、食材切れの際は営業を終了させていただく場合がございます。■ 定休日月曜日(祝祭日の場合は翌平日休み),カード不可 電子マネー不可 QRコード決済不可,"35.64806133869013,139.61897928415272",03-6875-7110,東京都世田谷区船橋1-38-4 ,1389,ramen,False,35.64806133869013,139.61897928415272,
食べログ ラーメン TOKYO 百名店 2023 選出店,燦燦斗,東十条駅 110m , ラーメン・つけ麺(ラーメン)、ラーメン・つけ麺(つけ麺)、ラーメン・つけ麺(油そば・まぜそば),,～￥999,～￥999,3.85,月曜日、木曜日,https://tabelog.com/tokyo/A1323/A132304/13038064/,予約不可,,JR京浜東北線「東十条」駅(北口)から徒歩2分北口を出てすぐ左手側にある坂道をくだる途中にあります。※階段を降りてはいけません。 東十条駅から110m,,,カード不可 電子マネー不可 QRコード決済不可,"35.76457923865014,139.7257920852548",非公開,東京都北区中十条3-16-15 ,1110,ramen,False,35.76457923865014,139.7257920852548,
食べログ ラーメン TOKYO 百名店 2023 選出店,自家製中華そば としおか,早稲田（メトロ）駅 507m , ラーメン・つけ麺(ラーメン)、ラーメン・つけ麺(つけ麺),,-,-,3.85,日曜日,https://tabelog.com/tokyo/A1305/A130504/13182315/,予約不可,,東京メトロ東西線「早稲田」駅(１番出口)より、徒歩6分 早稲田駅（メトロ）から507m,,,カード不可 電子マネー不可 QRコード決済不可,"35.70470866647504,139.72653931593663",不明の為情報お待ちしております,東京都新宿区弁天町20 ,1072,ramen,False,35.70470866647504,139.72653931593663,
,塩そば 時空,高井戸駅 796m , ラーメン・つけ麺(ラーメン),,"￥1,000～￥1,999","￥1,000～￥1,999",3.85,月曜日,https://tabelog.com/tokyo/A1319/A131906/13287906/,予約不可,,◾︎関東バス柳窪バス停から徒歩1分・京王井の頭線高井戸駅(荻54.58:荻窪駅南口、五日市街道営業所)・京王線芦花公園駅(荻54:荻窪駅南口)・JR荻窪駅南口(荻53:五日市街道営業所、荻54:芦花公園駅、荻56:日本年金機構入口、荻58:北野)・JR中野駅南口(中36:吉祥寺駅)・JR吉祥寺駅北口(中36:中野駅)・地下鉄丸ノ内線新高円寺駅(中36:吉祥寺駅)・地下鉄丸ノ内線東高円寺駅(中36:吉祥寺駅)◾︎京王電鉄井の頭線高井戸駅から徒歩12分 高井戸駅から796m,11:30 - 15:00,スープ、麺 売り切れ次第終了することがあります裏醤油そばは金土日のみまれに月曜日、営業することがありますイレギュラーに店休日があります臨時営業、臨時休業はInstagramやXで確認してください,カード可 （VISA、Master、JCB、AMEX、Diners） 電子マネー可 （交通系電子マネー（Suicaなど）、楽天Edy、nanaco、WAON、iD、QUICPay） QRコード決済可 （PayPay）,"35.689749477108265,139.61897729524932",不明の為情報お待ちしております,東京都杉並区高井戸東4-14-7 ,364,ramen,False,35.689749477108265,139.61897729524932,
食べログ ラーメン TOKYO 百名店 2023 選出店,つけ麺 道,亀有駅 162m , ラーメン・つけ麺(つけ麺),,-,-,3.84,-,https://tabelog.com/tokyo/A1324/A132403/13094595/,予約不可,,JR亀有駅北口より徒歩3分 亀有駅から162m,10:30 - 15:00,月・火　道の塩(中濃塩らーめん、中濃塩つけ麺)水・木　濃厚塩つけ麺(通常の塩味バージョン)金・土・日　つけ麺　道(通常),カード不可 電子マネー不可 QRコード決済不可,"35.76790317485182,139.84682308345842",03-3605-8578,東京都葛飾区亀有5-28-17 ,1901,ramen,False,35.76790317485182,139.84682308345842,
食べログ ラーメン TOKYO 百名店 2023 選出店,柴崎亭 つつじヶ丘本店,つつじケ丘駅 131m , ラーメン・つけ麺(ラーメン),,～￥999,～￥999,3.84,-,https://tabelog.com/tokyo/A1326/A132601/13135162/,予約不可,,京王線つつじヶ丘駅北口より徒歩2分 つつじケ丘駅から131m,,,カード不可 電子マネー不可 QRコード決済不可,"35.65757159558009,139.57378195047454",非公開,東京都調布市西つつじヶ丘3-25-52 ,1895,ramen,False,35.65757159558009,139.57378195047454,
,麺屋 周郷,新橋駅 211m , ラーメン・つけ麺(つけ麺),,"￥1,000～￥1,999","￥1,000～￥1,999",3.84,-,https://tabelog.com/tokyo/A1301/A130103/13260478/,予約不可,,JR新橋駅南改札烏森口より徒歩2分都営浅草線新橋駅　新橋4丁目方面改札(出口A1)より徒歩3分程。 新橋駅から211m,11:00 - 15:00,■ 営業時間食材がなくなり次第終了■定休日なし,カード不可 電子マネー不可 QRコード決済可 （PayPay）,"35.664573638723795,139.75762378422237",070-9010-2717,東京都港区新橋4-19-1 ,1321,ramen,True,35.664573638723795,139.75762378422237,
食べログ ラーメン TOKYO 百名店 2023 選出店,手打麺祭 かめ囲,柴崎駅 209m , ラーメン・つけ麺(ラーメン),,"￥1,000～￥1,999","￥1,000～￥1,999",3.84,火曜日、水曜日,https://tabelog.com/tokyo/A1326/A132601/13273350/,予約不可,,京王線柴崎駅北口から徒歩4分 柴崎駅から209m,,,カード不可 電子マネー不可 QRコード決済不可,"35.654618838668576,139.56436098425726",050-8884-3552,東京都調布市菊野台1-55-1 コーポえびすい 1F,966,ramen,False,35.654618838668576,139.56436098425726,
,麺笑 巧真,京王八王子駅 218m , ラーメン・つけ麺(ラーメン),,～￥999,～￥999,3.84,-,https://tabelog.com/tokyo/A1329/A132904/13246669/,予約不可,,京王八王子駅から218m,,,カード不可 電子マネー不可 QRコード決済不可,"35.65975333859448,139.341960884465",不明の為情報お待ちしております,東京都八王子市明神町4-12-2 ,936,ramen,False,35.65975333859448,139.341960884465,
,らぁめん ご恩,野方駅 684m , ラーメン・つけ麺(ラーメン),,-,-,3.84,火曜日,https://tabelog.com/tokyo/A1321/A132104/13269170/,予約不可,,西武新宿線 野方駅 徒歩9分JR高円寺駅 徒歩13分 野方駅から684m,11:00 - 15:00,■ 営業時間※スープ売り切れ次第終了■ 定休日毎週火曜日、第２第４水曜日,カード不可 電子マネー不可 QRコード決済不可,"35.7135002386596,139.65360008478947",不明の為情報お待ちしております,東京都中野区大和町1-13-7 ,488,ramen,False,35.7135002386596,139.65360008478947,
,のスた 本店,下神明駅 285m , ラーメン・つけ麺(ラーメン),,"￥1,000～￥1,999","￥1,000～￥1,999",3.84,-,https://tabelog.com/tokyo/A1317/A131712/13296505/,予約不可,,東急バス井01系統　大井町行き二葉一丁目停留所から降りてすぐ。 下神明駅から285m,11:10 - 15:00,不定休。公式Xを確認してください。,カード不可 電子マネー不可 QRコード決済不可,"35.6067016387511,139.7279414836586",不明の為情報お待ちしております,東京都品川区二葉1-16-15 ,206,ramen,False,35.6067016387511,139.7279414836586,
食べログ ラーメン TOKYO 百名店 2023 選出店,あさひ町内会,板橋区役所前駅 216m , ラーメン・つけ麺(ラーメン),,"￥1,000～￥1,999","￥1,000～￥1,999",3.83,月曜日,https://tabelog.com/tokyo/A1322/A132205/13244535/,予約不可,,都営地下鉄三田線「板橋区役所前」駅より徒歩4分東武東上線「下板橋」駅より徒歩9分 板橋区役所前駅から216m,11:00 - 14:50,■ 定休日月曜日(祝日は営業）,カード不可 電子マネー不可 QRコード決済不可,"35.750102938655,139.71215768511817",03-6915-5569,東京都板橋区板橋3-5-1 リビオタワー板橋 1F,1300,ramen,False,35.750102938655,139.71215768511817,
食べログ ラーメン TOKYO 百名店 2023 選出店,一番いちばん,町田駅 821m , ラーメン・つけ麺(ラーメン)、ラーメン・つけ麺(つけ麺),,"￥1,000～￥1,999","￥1,000～￥1,999",3.83,水曜日,https://tabelog.com/tokyo/A1327/A132701/13001469/,予約不可,,小田急線町田駅北口から徒歩約10分 町田駅から821m,12:00 - 14:30,■ 営業時間材料無くなり次第終了,カード不可,"35.54938953869802,139.44698868327663",不明の為情報お待ちしております,東京都町田市中町1-28-24 大成ビル　１Ｆ,983,ramen,False,35.54938953869802,139.44698868327663,
,三馬路 東京店,神田駅 295m , ラーメン・つけ麺(ラーメン),,"￥1,000～￥1,999","￥1,000～￥1,999",3.83,土曜日、日曜日,https://tabelog.com/tokyo/A1310/A131002/13266565/,予約不可,,JR神田駅西口より徒歩3分 神田駅から295m,12:00 - 15:00L.O. 14:45,食材が無くなり次第、営業終了,カード不可 電子マネー不可 QRコード決済不可,"35.69105163871035,139.76820288448238",03-3527-1412,東京都千代田区内神田2-9-6 祥司ビル 1F,945,ramen,False,35.69105163871035,139.76820288448238,
,RAMEN MATSUI,新宿御苑前駅 436m , ラーメン・つけ麺(ラーメン),,-,-,3.83,水曜日、木曜日,https://tabelog.com/tokyo/A1304/A130402/13285098/,予約不可,,東京メトロ丸の内線 新宿御苑前駅 徒歩6分都営地下鉄新宿線 曙橋駅 徒歩10分東京メトロ丸の内線 四谷三丁目駅 徒歩7分 新宿御苑前駅から436m,11:00 - 15:00,◾️不定休あり。最新情報はX、Instagramにてご確認ください。◾️オーダーの偏りによっては各スープが売り切れになる可能性もございます。予めご了承ください。◾️混雑緩和の為に連食はお断りしております。予めご了承ください。◾️時期によって期間限定メニューあり（詳細はX、Instagramをご確認ください）,カード不可 電子マネー不可 QRコード決済不可,"35.689070138694824,139.71550098449933",不明の為情報お待ちしております,東京都新宿区四谷4-25-10 ダイアパレス御苑前 B-2,688,ramen,True,35.689070138694824,139.71550098449933,
,麺 ふじさき,亀戸駅 577m , ラーメン・つけ麺(ラーメン),,"￥1,000～￥1,999","￥1,000～￥1,999",3.83,火曜日,https://tabelog.com/tokyo/A1312/A131202/13276443/,予約不可,,JR総武線・東武亀戸線 亀戸駅 北口より徒歩10分 亀戸駅から577m,,,カード不可 電子マネー不可 QRコード決済不可,"35.70144833872113,139.82275278454915",不明の為情報お待ちしております,東京都江東区亀戸2-8-11 アドリーム亀戸 1F,667,ramen,False,35.70144833872113,139.82275278454915,
,しおらーめん進化 2nd,町田市 , ラーメン・つけ麺(ラーメン),,"￥1,000～￥1,999","￥1,000～￥1,999",3.83,月曜日,https://tabelog.com/tokyo/A1327/A132701/13277081/,予約不可,,"小田急線鶴川駅より徒歩20分神奈中バス [鶴21][鶴22][鶴23]鶴川駅乗車→鶴川市民センターバス停より徒歩３分 鶴川駅から1,277m",,,カード不可 電子マネー不可 QRコード決済不可,"35.58741226492019,139.4687316829297",042-860-5122,東京都町田市大蔵町337-1 第二工藤ビル 1F,405,ramen,False,35.58741226492019,139.4687316829297,
食べログ ラーメン TOKYO 百名店 2023 選出店,銀座 八五,東銀座駅 284m , ラーメン・つけ麺(ラーメン),,"￥1,000～￥1,999","￥1,000～￥1,999",3.82,月曜日,https://tabelog.com/tokyo/A1301/A130101/13228602/,予約可,ご予約はTableCheckからのみ受け付けております。毎週土曜AM9時～、翌週分のご予約を受け付けます。食べログからのご予約はできません。また、お電話・問い合わせ等では予約に関するご質問にはお答えできませんのでご了承ください。,【東京メトロ】東銀座駅、新富町駅から徒歩3分【JR】有楽町駅から徒歩10分 東銀座駅から284m,11:00 - 15:30,■ 営業時間11:00～ 当日の並び順でのご案内※当日分のスープがなくなり次第受付を終了いたします。12:00～ ご予約者様のご案内■ 定休日月曜日、火曜日（不定休）※定休日の最新情報は、SNSをご確認ください。,カード可 （VISA、Master、JCB、AMEX、Diners、UnionPay） 電子マネー可 （交通系電子マネー（Suicaなど）、iD、QUICPay） QRコード決済可 （PayPay、d払い、楽天ペイ、au PAY、Alipay、WeChat Pay）,"35.67054733872399,139.7701498842739",不明の為情報お待ちしております,東京都中央区銀座3-14-2 第一はなぶさビル 1F,1961,ramen,True,35.67054733872399,139.7701498842739,
,大島,船堀駅 702m , ラーメン・つけ麺(ラーメン),,"￥1,000～￥1,999","￥1,000～￥1,999",3.82,月曜日,https://tabelog.com/tokyo/A1312/A131205/13155875/,予約不可,,船堀駅徒歩8分船堀駅と船堀タワーの間の道を南東方面へ。船堀スポーツ公園を過ぎると右手に店舗が見えます。 船堀駅から702m,11:00 - 15:00,※いずれもスープ無くなり次第終了■ 定休日月(祝日の場合翌日休)11月の定休日　11/5、11/11、11/18、11/25,カード不可 電子マネー不可 QRコード決済不可,"35.67958093875004,139.86998028429517",03-3680-2601,東京都江戸川区船堀6-7-13 ,1762,ramen,False,35.67958093875004,139.86998028429517,
食べログ ラーメン TOKYO 百名店 2023 選出店,成城青果,芦花公園駅 114m , ラーメン・つけ麺(ラーメン),,～￥999,～￥999,3.82,-,https://tabelog.com/tokyo/A1318/A131809/13247939/,予約不可,,京王線「芦花公園」駅北口徒歩1分 芦花公園駅から114m,,,カード不可 電子マネー不可 QRコード決済不可,"35.67131848036074,139.6089473753623",不明の為情報お待ちしております,東京都世田谷区南烏山3-1-11 芦花パークヒル 1F,1653,ramen,True,35.67131848036074,139.6089473753623,
食べログ ラーメン TOKYO 百名店 2023 選出店,らぁめん 山と樹,高円寺駅 525m , ラーメン・つけ麺(ラーメン),,～￥999,～￥999,3.82,月曜日,https://tabelog.com/tokyo/A1319/A131904/13204607/,予約不可,,ＪＲ中央線【高円寺駅】徒歩7分東京メトロ丸ノ内線【東高円寺駅】徒歩10分 高円寺駅から525m,,,カード不可 電子マネー不可 QRコード決済不可,"35.70349493866642,139.65506878468742",03-6383-1773,東京都杉並区高円寺南5-21-7 高円寺マンション 107,1190,ramen,False,35.70349493866642,139.65506878468742,
,味噌麺処 田坂屋,池袋駅 383m , ラーメン・つけ麺(ラーメン),,～￥999,～￥999,3.82,月曜日,https://tabelog.com/tokyo/A1305/A130501/13282625/,予約不可,,東京メトロ副都心線【池袋駅】徒歩３分ＪＲ各線【池袋駅】西口　徒歩５分東京メトロ丸ノ内線・有楽町線【池袋駅】徒歩５分東武東上線【池袋駅】徒歩５分西武池袋線【池袋駅】徒歩７分 池袋駅から383m,,,カード不可 電子マネー不可 QRコード決済不可,"35.73059253866568,139.7068059849248",03-6826-9890,東京都豊島区西池袋3-30-2 フェリース西池袋 1F,1021,ramen,False,35.73059253866568,139.7068059849248,
食べログ ラーメン TOKYO 百名店 2023 選出店,中華そば 西川,千歳船橋駅 676m , ラーメン・つけ麺(ラーメン),,"￥1,000～￥1,999","￥1,000～￥1,999",3.82,月曜日、火曜日、水曜日,https://tabelog.com/tokyo/A1318/A131813/13213036/,予約不可,,小田急線「千歳船橋駅」より徒歩約13分。 千歳船橋駅から676m,11:00 - 14:30,■ 定休日月曜日、火曜日、水曜日（祝日と重なっても休み）,カード不可 電子マネー不可 QRコード決済不可,"35.6442426386923,139.61817518411473",090-9152-9673,東京都世田谷区砧2-15-10 メゾンドオーポン 1F,987,ramen,False,35.6442426386923,139.61817518411473,
食べログ ラーメン TOKYO 百名店 2023 選出店,Japanese Soba Noodles 蔦,代々木上原駅 293m , ラーメン・つけ麺(ラーメン)、ラーメン・つけ麺(つけ麺),,-,-,3.81,-,https://tabelog.com/tokyo/A1318/A131811/13241560/,予約可,ご予約はTable CheckまたはOMAKASEをご利用ください,小田急・東京メトロ代々木上原駅から徒歩2分 代々木上原駅から293m,11:00 - 15:00,※月〜金はカウンターのみ9/19-21日までイベントの為お休みとなります,カード可 （VISA、Master） 電子マネー可 （交通系電子マネー（Suicaなど）、楽天Edy、iD） QRコード決済可 （PayPay、d払い、au PAY）,"35.67039593869617,139.68247568433384",03-6416-8620,東京都渋谷区西原3-2-4 フロンティア代々木上原 B1F,1327,ramen,True,35.67039593869617,139.68247568433384,
食べログ ラーメン TOKYO 百名店 2023 選出店,there is ramen,荻窪駅 353m , ラーメン・つけ麺(ラーメン),,"￥1,000～￥1,999","￥1,000～￥1,999",3.81,-,https://tabelog.com/tokyo/A1319/A131906/13277729/,予約不可,,荻窪駅北口徒歩3分 荻窪駅から353m,11:00 - 16:00,■定休日無し,カード不可 電子マネー不可 QRコード決済不可,"35.70740833865223,139.61835208475264",不明の為情報お待ちしております,東京都杉並区天沼3-10-16 ,1257,ramen,False,35.70740833865223,139.61835208475264,
食べログ ラーメン TOKYO 百名店 2023 選出店,らーめん亭 ひなり竜王,大森町駅 664m , ラーメン・つけ麺(ラーメン),,"￥1,000～￥1,999","￥1,000～￥1,999",3.81,日曜日,https://tabelog.com/tokyo/A1315/A131503/13276299/,予約不可,,京浜急行 梅屋敷駅 徒歩9分・大森町駅 徒歩11分（梅屋敷駅からは、ほぼ1本道） 大森町駅から664m,11:00 - 14:30,■ 営業時間売り切れ時閉店,カード不可 電子マネー不可 QRコード決済不可,"35.56734683877854,139.7356289832557",不明の為情報お待ちしております,東京都大田区大森中2-14-17 ,715,ramen,False,35.56734683877854,139.7356289832557,
,つけ麺 和 東京本店,竹ノ塚駅 141m , ラーメン・つけ麺(つけ麺),,"￥1,000～￥1,999","￥1,000～￥1,999",3.81,-,https://tabelog.com/tokyo/A1324/A132404/13217032/,予約不可,,東武スカイツリーライン竹ノ塚駅徒歩３分 竹ノ塚駅から141m,,,カード不可 電子マネー不可 QRコード決済不可,"35.79381073865184,139.78943648550546",03-5856-9311,東京都足立区西竹ノ塚1-12-9 共栄ビル 1F,629,ramen,False,35.79381073865184,139.78943648550546,
,えーちゃん食堂,不動前駅 652m , ラーメン・つけ麺(ラーメン),,-,-,3.81,水曜日,https://tabelog.com/tokyo/A1316/A131601/13284505/,予約不可,,不動前駅から652m,06:30 - 11:00,■ 営業時間6:30頃～11:00(材料無くなり次第終了)■ 定休日時々火曜日,カード不可 電子マネー不可 QRコード決済不可,"35.630536538730105,139.70954648391225",不明の為情報お待ちしております,東京都目黒区下目黒3-4-6 サンライズ目黒 1Ｆ,538,ramen,False,35.630536538730105,139.70954648391225,
食べログ ラーメン TOKYO 百名店 2023 選出店,中華そば 児ノ木,落合駅 522m , ラーメン・つけ麺(ラーメン)、ラーメン・つけ麺(つけ麺)、ラーメン・つけ麺(油そば・まぜそば),,"￥1,000～￥1,999","￥1,000～￥1,999",3.8,月曜日、金曜日,https://tabelog.com/tokyo/A1319/A131901/13154006/,予約不可,,1.落合駅より徒歩4分(東京メトロ東西線・4番出口)---------------------------------------------------------------------------------2.下落合駅より徒歩8分(西武新宿線・南口)---------------------------------------------------------------------------------3.中井駅より徒歩9分(1)西武新宿線・南口or(2)都営地下鉄大江戸線・A1出口---------------------------------------------------------------------------------4.東中野駅より徒歩10分(1)JR中央総武線・西口or(2)都営地下鉄大江戸線・A1出口---------------------------------------------------------------------------------5.高田馬場駅より徒歩17分(JR山手線・早稲田口または戸山口) 落合駅から522m,11:00 - 15:00,■ 営業時間その他、臨時休業等の情報はX(旧Twitter)にて随時更新しております,カード可 電子マネー可 QRコード決済可,"35.711221038673045,139.69128808474005",03-3361-6349,東京都新宿区上落合1-5-3 ,1220,ramen,False,35.711221038673045,139.69128808474005,
食べログ ラーメン TOKYO 百名店 2023 選出店,長男、ほそのたかし,江古田駅 183m , ラーメン・つけ麺(つけ麺),,"￥1,000～￥1,999","￥1,000～￥1,999",3.8,-,https://tabelog.com/tokyo/A1321/A132101/13261549/,予約不可,,西武池袋線江古田駅南口より徒歩2分都営大江戸線新江古田駅A2出口より徒歩9分近隣に一定時間無料の駐輪場、コインパーキング有り 江古田駅から183m,11:00 - 14:50,■ 営業時間平日の月曜日は次男のつけ麺のみでの営業です！通常メニューはございません。X若しくはインスタで告知してますので確認の上ご来店ください！※土、日、祝日は中休みなしの通し営業となります。⚠️11/18(月)をもちまして、次男のつけ麺終了です❗️なので11/11と11/18日の月曜日は次男のつけ麺のみの提供です！※また、祝日㊗️の11/4(月)は次男つけ麺ではないのでお気をつけ下さい！■ 定休日11月は定休日はございません！,カード不可 電子マネー不可 QRコード決済不可,"35.73636433865158,139.67408948500605",090-3852-4038,東京都練馬区旭丘1-68-12 第4正道江古田ビル 1F,790,ramen,False,35.73636433865158,139.67408948500605,
食べログ ラーメン TOKYO 百名店 2023 選出店,西永福の煮干箱,西永福駅 112m , ラーメン・つけ麺(ラーメン),,"￥1,000～￥1,999","￥1,000～￥1,999",3.8,-,https://tabelog.com/tokyo/A1318/A131805/13263789/,予約不可,,京王井の頭線西永福駅北口から徒歩1分 西永福駅から112m,,,カード不可 電子マネー不可 QRコード決済不可,"35.678731838676214,139.63641858445033",03-6304-7088,東京都杉並区永福3-55-3 ,748,ramen,False,35.678731838676214,139.63641858445033,
食べログ ラーメン TOKYO 百名店 2023 選出店,麺屋一燈,新小岩駅 225m , ラーメン・つけ麺(ラーメン)、ラーメン・つけ麺(つけ麺),現代のスタンダードを次元の異なる旨さに昇華させた、わざわざ食べに訪れたい濃厚鶏白湯魚介の味,"￥1,000～￥1,999","￥1,000～￥1,999",3.79,-,https://tabelog.com/tokyo/A1312/A131204/13111737/,予約可,,・JR総武線「新小岩」駅(北口)から徒歩3分・都営バスまたは京成タウンバス「新小岩駅北口」下車してすぐ 新小岩駅から225m,11:00 - 15:00,■ 営業日金・土・祝祭日前日　夜18:00～22:00(L.O21:45)■ 定休日年末年始・夏季休業・設備点検のための臨時休業あり■電話での予約は受け付けておりません。ご予約はTable checkからお願いします。,カード不可 電子マネー不可 QRコード決済不可,"35.71882283872121,139.85769628470015",03-3697-9787,東京都葛飾区東新小岩1-4-17 ,3811,ramen,False,35.71882283872121,139.85769628470015,
食べログ ラーメン TOKYO 百名店 2023 選出店,中華蕎麦にし乃,本郷三丁目駅 138m , ラーメン・つけ麺(ラーメン),,"￥1,000～￥1,999","￥1,000～￥1,999",3.79,-,https://tabelog.com/tokyo/A1310/A131004/13218311/,予約不可,,都営地下鉄大江戸線　本郷３丁目駅　徒歩２分東京メトロ丸ノ内線　本郷３丁目駅　徒歩５分 本郷三丁目駅から138m,11:00 - 15:00,2024年11月も休まず営業いたします。,カード不可 電子マネー不可 QRコード決済不可,"35.70675373869828,139.7616289846456",不明の為情報お待ちしております,東京都文京区本郷3-30-7 熊野ビル B101,2558,ramen,False,35.70675373869828,139.7616289846456,
食べログ ラーメン TOKYO 百名店 2023 選出店,ラーメン屋 トイ・ボックス,三ノ輪橋駅 114m , ラーメン・つけ麺(ラーメン),,-,-,3.79,月曜日,https://tabelog.com/tokyo/A1324/A132401/13162973/,予約不可,,東京メトロ日比谷線 三ノ輪駅「3番出口」より徒歩2分都電荒川線　三ノ輪橋駅より徒歩2分 三ノ輪橋駅から114m,11:00 - 15:00,■ 営業時間（材料切れにより早仕舞いの場合があります）※毎月第二、第四火曜定休※小学生未満のお子様お断り■ 定休日月曜日（祝日の場合は、翌日の火曜日に振替）・第二・第四火曜日,カード不可 電子マネー不可 QRコード決済不可,"35.731156426630385,139.7920662673381",03-6458-3664,東京都荒川区 東日暮里1-1-3 1階,2400,ramen,True,35.731156426630385,139.7920662673381,
食べログ ラーメン TOKYO 百名店 2023 選出店,こうかいぼう,門前仲町駅 453m , ラーメン・つけ麺(ラーメン)、ラーメン・つけ麺(つけ麺),,～￥999,～￥999,3.79,水曜日、日曜日,https://tabelog.com/tokyo/A1313/A131303/13005052/,予約不可,,東京メトロ東西線または都営大江戸線「門前仲町」駅(６番出口)より、徒歩６分 門前仲町駅から453m,11:00 - 15:00,■ 営業時間なくなり次第終了■ 定休日第1・3金曜日,カード不可 電子マネー不可 QRコード決済不可,"35.67530053873009,139.79880258430185",03-5620-4777,東京都江東区深川2-13-10 ニックハイム深川 1F,2361,ramen,False,35.67530053873009,139.79880258430185,
食べログ ラーメン TOKYO 百名店 2023 選出店,らーめん飛粋,蒲田駅 204m , ラーメン・つけ麺(ラーメン),,"￥1,000～￥1,999","￥1,000～￥1,999",3.79,日曜日,https://tabelog.com/tokyo/A1315/A131503/13217922/,予約不可,,ＪＲ・東急　蒲田駅　徒歩２分京急線 京急蒲田駅 徒歩10分 蒲田駅から204m,,,カード可 電子マネー可 （交通系電子マネー（Suicaなど）、楽天Edy、nanaco、WAON、iD） QRコード決済可 （PayPay、d払い、楽天ペイ、au PAY）,"35.5640356387748,139.7173082832351",不明の為情報お待ちしております,東京都大田区蒲田5-2-5 ,2355,ramen,False,35.5640356387748,139.7173082832351,
食べログ ラーメン TOKYO 百名店 2023 選出店,らぁ麺やまぐち,面影橋駅 344m , ラーメン・つけ麺(ラーメン)、ラーメン・つけ麺(つけ麺),,"￥1,000～￥1,999","￥1,000～￥1,999",3.79,-,https://tabelog.com/tokyo/A1305/A130504/13151200/,予約不可,,・JR山手線「高田馬場」駅より、徒歩11分・東京メトロ副都心線「西早稲田」駅(2番出口)より、徒歩６分・東京メトロ東西線「早稲田」駅(2番出口)より、徒歩10分 面影橋駅から344m,11:00 - 21:30L.O. 21:30,■ 定休日無休,カード可 （VISA、Master、JCB、AMEX、Diners） 電子マネー可 （交通系電子マネー（Suicaなど）、楽天Edy、nanaco、WAON、iD、QUICPay） QRコード決済可 （PayPay、d払い、楽天ペイ、au PAY）,"35.70998303868105,139.71396668471164",03-3204-5120,東京都新宿区西早稲田3-13-4 1F,2106,ramen,True,35.70998303868105,139.71396668471164,
,麺尊 RAGE,西荻窪駅 225m , ラーメン・つけ麺(ラーメン)、ラーメン・つけ麺(つけ麺)、ラーメン・つけ麺(油そば・まぜそば),,"￥1,000～￥1,999","￥1,000～￥1,999",3.79,-,https://tabelog.com/tokyo/A1319/A131907/13178309/,予約不可,,JR中央線「西荻窪」駅(南口)から徒歩4分 西荻窪駅から225m,11:00 - 15:00L.O. 料理14:50,■ 営業時間11月より無休営業、平日夜営業再開。土日祝日は11時〜15時臨時休業やワンオペ営業の際はX（Twitter）にて告知。平日水曜日、限定ラーメン営業になる日があります。X（Twitter）にてご確認ください。,カード不可 電子マネー不可 QRコード決済不可,"35.70178113864971,139.59917758470925",非公開,東京都杉並区松庵3-37-22 レンツェン松庵 1F,2082,ramen,False,35.70178113864971,139.59917758470925,
食べログ ラーメン TOKYO 百名店 2023 選出店,麺処 晴,入谷駅 174m , ラーメン・つけ麺(ラーメン),,～￥999,～￥999,3.79,-,https://tabelog.com/tokyo/A1311/A131104/13143115/,予約不可,,・東京メトロ日比谷線「入谷」駅(２番出口)より徒歩１分・JR山手線「鶯谷」駅(南口)より徒歩５分 入谷駅から174m,11:00 - 15:00,■ 定休日不定休,カード不可 電子マネー不可 QRコード決済不可,"35.719647638697026,139.78340118476055",03-3847-8553,東京都台東区下谷1-11-7 ,2029,ramen,False,35.719647638697026,139.78340118476055,
食べログ ラーメン TOKYO 百名店 2023 選出店,キング製麺,王子駅前駅 406m , ラーメン・つけ麺(ラーメン)、ラーメン・つけ麺(つけ麺)、ラーメン・つけ麺(汁なし担々麺),,"￥1,000～￥1,999","￥1,000～￥1,999",3.79,-,https://tabelog.com/tokyo/A1323/A132303/13232817/,予約不可,,JR王子駅 北口改札から徒歩７分東京メトロ南北線 王子駅３番出口から徒歩７分 王子駅前駅から406m,11:00 - 15:00,■ 定休日【2024年11月】休まず営業します,カード不可 電子マネー不可 QRコード決済不可,"35.75340673865979,139.7338203851363",不明の為情報お待ちしております,東京都北区王子本町1-14-1 高崎ビル 1F,1735,ramen,False,35.75340673865979,139.7338203851363,
食べログ ラーメン TOKYO 百名店 2023 選出店,らぁめん小池,上北沢駅 202m , ラーメン・つけ麺(ラーメン),,"￥1,000～￥1,999","￥1,000～￥1,999",3.79,-,https://tabelog.com/tokyo/A1318/A131809/13172994/,予約不可,,京王本線「上北沢」駅(北口)より、徒歩４分 上北沢駅から202m,11:00 - 14:30,■ 休業日のお知らせ【2024年6月】6/5(水)､6/12(水)、6/19(水)【2024年7月】7/3(水),カード不可 電子マネー不可 QRコード決済不可,"35.67049773867695,139.622377884377",非公開,東京都世田谷区上北沢4-19-18 上北沢ハイネスコーポ1F,1637,ramen,False,35.67049773867695,139.622377884377,
食べログ ラーメン TOKYO 百名店 2023 選出店,ラーメン 健やか,三鷹駅 330m , ラーメン・つけ麺(ラーメン)、ラーメン・つけ麺(つけ麺),,～￥999,～￥999,3.79,月曜日,https://tabelog.com/tokyo/A1320/A132002/13207054/,予約不可,,三鷹駅から330m,11:00 - 15:00,■ 定休日月曜日（裏健やかとして営業）現在は裏健やか休止中,カード不可 電子マネー不可 QRコード決済不可,"35.70381315122313,139.56433588370163",0422-57-7935,東京都武蔵野市中町1-28-1 矢島ビル 102,1339,ramen,False,35.70381315122313,139.56433588370163,
食べログ ラーメン TOKYO 百名店 2023 選出店,神名備,西日暮里駅 560m , ラーメン・つけ麺(ラーメン),,"￥1,000～￥1,999","￥1,000～￥1,999",3.79,月曜日、火曜日,https://tabelog.com/tokyo/A1311/A131105/13006070/,予約不可,,東京メトロ千駄木駅(2番出口)より、徒歩約10分JR西日暮里駅より、徒歩約11分 西日暮里駅から560m,11:45 - 14:00,■ 営業時間無くなり次第終了,カード不可 電子マネー不可 QRコード決済不可,"35.73108993868254,139.76072668489203",非公開,東京都文京区千駄木4-21-3 ,1202,ramen,False,35.73108993868254,139.76072668489203,
食べログ ラーメン TOKYO 百名店 2023 選出店,中華そば屋 伊藤,王子神谷駅 939m , ラーメン・つけ麺(ラーメン),,～￥999,～￥999,3.79,-,https://tabelog.com/tokyo/A1323/A132304/13008779/,予約不可,,京浜東北線「王子駅」から都営バス（駅前ﾛｰﾀﾘｰではなく、信号先左側10番バス停）で(豊島団地行き)約5分、「豊島4丁目」下車徒歩4分東武伊勢崎線「西新井駅」から都営バス（池袋東口行き）で「豊島4丁目」下車徒歩4分JR「王子駅」から徒歩20分東京メトロ南北線「王子神谷駅」2番出口から徒歩13分 王子神谷駅から939m,11:00 - 14:30,■ 営業時間スープ切れの場合も営業終了。■ 定休日不定休,カード不可 電子マネー不可 QRコード決済不可,"35.76323243865741,139.74594928522706",03-3913-2477,東京都北区豊島4-5-3 ,1194,ramen,False,35.76323243865741,139.74594928522706,
食べログ ラーメン TOKYO 百名店 2023 選出店,寿製麺 よしかわ 西台駅前店,西台駅 218m , ラーメン・つけ麺(ラーメン)、ラーメン・つけ麺(油そば・まぜそば)、ラーメン・つけ麺(つけ麺),,～￥999,～￥999,3.79,-,https://tabelog.com/tokyo/A1322/A132205/13228611/,予約不可,,電車　コインパーキングあり 西台駅から218m,11:00 - 21:00L.O. 20:30,年中無休　夏季冬季休業はあります,カード不可 電子マネー不可 QRコード決済不可,"35.78590843862033,139.67472638550606",03-5948-7695,東京都板橋区蓮根3-8-14 ,1111,ramen,False,35.78590843862033,139.67472638550606,
食べログ ラーメン TOKYO 百名店 2023 選出店,麺や金時,江古田駅 512m , ラーメン・つけ麺(ラーメン)、ラーメン・つけ麺(汁なし担々麺),,"￥1,000～￥1,999","￥1,000～￥1,999",3.79,月曜日、日曜日,https://tabelog.com/tokyo/A1321/A132101/13139195/,予約不可,,西武池袋線　江古田駅　徒歩7分 江古田駅から512m,11:00 - 14:15,■ 営業時間汁なし担担麺、濃厚汁なし担担麺、昼40食、夜15食限定になっております。並ばれている際に完売する事があります。(ランチ)14:15分前にオーダーストップする場合がございます。基本的に営業中は電話に出れませんのでご了承下さい。(ディナー)平日は19時30分前に材料が終了する事が多いです。祭日の夜の営業は19時くらいで材料が終了する事がございます。営業中電話に出れませんのでご了承下さい,カード不可 電子マネー不可 QRコード決済不可,"35.73831963865169,139.67828588502286",03-5926-7566,東京都練馬区小竹町1-2-7 ,1100,ramen,False,35.73831963865169,139.67828588502286,
食べログ ラーメン TOKYO 百名店 2023 選出店,Ramen にじゅうぶんのいち,東尾久三丁目駅 164m , ラーメン・つけ麺(ラーメン),,-,-,3.79,月曜日、木曜日、祝日,https://tabelog.com/tokyo/A1324/A132401/13147594/,予約不可,,都電荒川線「東尾久三丁目」電停から徒歩2分日暮里舎人ライナー赤土小学校前駅から徒歩7分東京メトロ千代田線町屋駅から徒歩8分京成線町屋駅から徒歩9分 東尾久三丁目駅から164m,11:30 - 15:00,■ 営業時間※L.Oも営業時間。,カード不可 電子マネー不可 QRコード決済不可,"35.74459213867784,139.77292858501986",不明の為情報お待ちしております,東京都荒川区東尾久2-19-10 西脇ビル 1F,998,ramen,False,35.74459213867784,139.77292858501986,
食べログ ラーメン TOKYO 百名店 2023 選出店,麺屋 翔 本店,西武新宿駅 320m , ラーメン・つけ麺(ラーメン),,～￥999,～￥999,3.78,-,https://tabelog.com/tokyo/A1304/A130401/13040181/,予約不可,,JR各線「新宿」駅(西口)から徒歩9分都営大江戸線「新宿西口」駅(D3出口)から徒歩6分 西武新宿駅から320m,11:00 - 15:00,■ 営業時間スープ切れ次第閉店年末年始の営業のお知らせです。【本店】31日　　昼営業まで1日　　　お休み2日　　　お休み3日　　通常営業■ 定休日無休　※年末年始休業　臨時休業まれにあり,カード不可 電子マネー不可 QRコード決済不可,"35.69659313868403,139.69660048458854",03-3364-5787,東京都新宿区西新宿7-22-34 ,3323,ramen,True,35.69659313868403,139.69660048458854,Full of MSG Flavor
食べログ ラーメン TOKYO 百名店 2023 選出店,はやし,渋谷駅 334m , ラーメン・つけ麺(ラーメン),,-,-,3.78,水曜日、日曜日、祝日,https://tabelog.com/tokyo/A1303/A130301/13003367/,予約不可,,京王井の頭線【渋谷駅】西口　徒歩２分東京メトロ半蔵門線、東急田園都市線【渋谷駅】徒歩５分ＪＲ山手線他【渋谷駅】ハチ公口・南口　徒歩６分東京メトロ銀座線【渋谷駅】徒歩６分東京メトロ副都心線、東急東横線【渋谷駅】徒歩８分 渋谷駅から334m,11:30 - 15:30,■ 営業時間スープ無くなり次第閉店,カード不可 電子マネー不可 QRコード決済不可,"35.6573247387094,139.69798248419093",03-3770-9029,東京都渋谷区道玄坂1-14-9 ソシアル道玄坂 1F,2716,ramen,False,35.6573247387094,139.69798248419093,
,SOBA HOUSE 金色不如帰 新宿御苑本店,新宿御苑前駅 221m , ラーメン・つけ麺(ラーメン)、ラーメン・つけ麺(つけ麺),,～￥999,～￥999,3.78,月曜日、日曜日,https://tabelog.com/tokyo/A1304/A130402/13222172/,予約不可,,東京メトロ丸ノ内線新宿御苑前駅1番出口から徒歩3分東京メトロ丸ノ内線、都営新宿線新宿三丁目駅C3出口から徒歩4分JR新宿駅東口から徒歩9分 新宿御苑前駅から221m,11:00 - 15:00,■ 営業時間※材料終了次第閉店※人手不足のためしばらくは昼の部のみ,カード可 （VISA、Master、JCB、AMEX、Diners） 電子マネー可 （交通系電子マネー（Suicaなど）、楽天Edy、nanaco、WAON、iD、QUICPay） QRコード決済不可,"35.6887839386927,139.7082915845015",03-5315-4733,東京都新宿区新宿2-4-1 第22宮廷マンション 1F,2419,ramen,True,35.6887839386927,139.7082915845015,
食べログ ラーメン TOKYO 百名店 2023 選出店,煮干鰮らーめん 圓 八王子本店,京王八王子駅 497m , ラーメン・つけ麺(ラーメン)、ラーメン・つけ麺(つけ麺),,"￥1,000～￥1,999","￥1,000～￥1,999",3.78,-,https://tabelog.com/tokyo/A1329/A132904/13091258/,予約不可,,JR中央線「八王子」駅(北口)から徒歩10分京王本線「京王八王子」駅から徒歩10分 京王八王子駅から497m,,,カード不可 電子マネー不可 QRコード決済不可,"35.66032373859299,139.33842288447326",非公開,東京都八王子市横山町21-21 ,2254,ramen,False,35.66032373859299,139.33842288447326,
食べログ ラーメン TOKYO 百名店 2023 選出店,煮干しつけ麺 宮元,蒲田駅 304m , ラーメン・つけ麺(つけ麺)、ラーメン・つけ麺(ラーメン),【蒲田駅徒歩4分】全てオンリーワンのラーメン屋！！,"￥1,000～￥1,999","￥1,000～￥1,999",3.78,日曜日,https://tabelog.com/tokyo/A1315/A131503/13180862/,予約不可,,JR京浜東北線「蒲田」駅(西口)　から徒歩5分 蒲田駅から304m,,,カード不可 電子マネー不可 QRコード決済不可,"35.56422703877345,139.71342768323976",03-5703-0213,東京都大田区西蒲田7-8-1 1F,2205,ramen,False,35.56422703877345,139.71342768323976,
食べログ ラーメン TOKYO 百名店 2023 選出店,麺処 銀笹,築地市場駅 349m , ラーメン・つけ麺(ラーメン)、ラーメン・つけ麺(つけ麺),,"￥1,000～￥1,999","￥1,000～￥1,999",3.78,日曜日、祝日,https://tabelog.com/tokyo/A1301/A130103/13119563/,予約不可,,・都営大江戸線「築地市場」駅(A3出口)より徒歩６分・JR「新橋」駅(銀座口)より徒歩８分 築地市場駅から349m,11:30 - 15:00,スタッフ不足のため、しばらくの間夜の営業はお休みされています,カード不可 電子マネー不可 QRコード決済不可,"35.666224738724594,139.76342108423498",03-3543-0280,東京都中央区銀座8-15-2 藤ビル 1F,2036,ramen,True,35.666224738724594,139.76342108423498,
食べログ ラーメン TOKYO 百名店 2023 選出店,らーめん改,蔵前駅 157m , ラーメン・つけ麺(ラーメン)、ラーメン・つけ麺(つけ麺),,"￥1,000～￥1,999","￥1,000～￥1,999",3.78,-,https://tabelog.com/tokyo/A1311/A131103/13191776/,予約不可,,都営浅草線「蔵前」駅(A0出口)から徒歩3分都営大江戸線「蔵前」駅(A5出口)から徒歩5分 蔵前駅から157m,11:00 - 15:00,■ 定休日無休（※休業は公式SNSでお知らせ致します。）,カード不可 電子マネー不可 QRコード決済不可,"35.70443963870884,139.79015598460222",03-3864-6055,東京都台東区蔵前4-20-10 宮内ビル 1F,2029,ramen,True,35.70443963870884,139.79015598460222,
,つけそば 神田 勝本,神保町駅 250m , ラーメン・つけ麺(つけ麺)、ラーメン・つけ麺(ラーメン),,-,-,3.78,日曜日,https://tabelog.com/tokyo/A1310/A131003/13192433/,予約不可,,地下鉄神保町駅 A5出口　徒歩5分JR御茶ノ水駅 御茶ノ水口　徒歩7分地下鉄新御茶ノ水駅 B3b出口　徒歩10分 神保町駅から250m,,,カード不可 電子マネー不可 QRコード決済不可,"35.6974873387035,139.75956338455345",不明の為情報お待ちしております,東京都千代田区神田猿楽町1-2-4 ,2023,ramen,False,35.6974873387035,139.75956338455345,
食べログ ラーメン TOKYO 百名店 2023 選出店,田中商店 本店,六町駅 996m , ラーメン・つけ麺(ラーメン),,～￥999,～￥999,3.78,-,https://tabelog.com/tokyo/A1324/A132404/13003726/,予約不可,,つくばエクスプレス 六町駅 A1出口から徒歩約13分東武伊勢崎線 竹ノ塚駅 東口から徒歩約25分東武バスセントラル綾瀬駅～花畑団地線にて一ツ家１丁目下車、目の前が店舗です。 六町駅から996m,,,カード不可 電子マネー不可 QRコード決済不可,"35.78466575488232,139.81092557074118",03-3860-3232,東京都足立区一ツ家2-14-6 ,1919,ramen,False,35.78466575488232,139.81092557074118,
食べログ ラーメン TOKYO 百名店 2023 選出店,中華そば 和渦 TOKYO,北品川駅 92m , ラーメン・つけ麺(ラーメン)、ラーメン・つけ麺(つけ麺),,"￥1,000～￥1,999","￥1,000～￥1,999",3.78,日曜日,https://tabelog.com/tokyo/A1314/A131405/13233678/,予約不可,,京急本線・北品川駅から徒歩1分JR各線、京急本線・品川駅から徒歩10分 北品川駅から92m,11:00 - 14:30,■ 営業時間売り切れ次第終了,カード可 （VISA、Master） 電子マネー可 QRコード決済不可,"35.6218922387448,139.7384383838047",03-6433-1224,東京都品川区北品川3-2-1 MTM STUDIO 2F,1750,ramen,False,35.6218922387448,139.7384383838047,
食べログ ラーメン TOKYO 百名店 2023 選出店,竹末東京Premium,押上駅 456m , ラーメン・つけ麺(ラーメン)、ラーメン・つけ麺(つけ麺),,"￥1,000～￥1,999","￥1,000～￥1,999",3.78,火曜日、水曜日、木曜日、金曜日、土曜日、日曜日,https://tabelog.com/tokyo/A1312/A131203/13167920/,予約不可,,・「押上」駅(A2出口)より、徒歩7分・都営バス「十間橋」停留所より10秒 押上駅から456m,00:55 - 00:56,しばらく休業,カード不可 電子マネー不可 QRコード決済不可,"35.70814313871523,139.8176395846204",03-5610-4649,東京都墨田区業平5-14-7 フラーリシ押上 1F,1725,ramen,True,35.70814313871523,139.8176395846204,
食べログ ラーメン TOKYO 百名店 2023 選出店,かしわぎ,東中野駅 394m , ラーメン・つけ麺(ラーメン),,～￥999,～￥999,3.78,火曜日,https://tabelog.com/tokyo/A1319/A131901/13209326/,予約不可,,JR総武線「東中野」駅(東口)から徒歩4分 東中野駅から394m,,,カード不可 電子マネー不可 QRコード決済不可,"35.70428243867565,139.6856479846739",不明の為情報お待ちしております,東京都中野区東中野1-36-7 ,1489,ramen,False,35.70428243867565,139.6856479846739,
食べログ ラーメン TOKYO 百名店 2023 選出店,スパイス・ラー麺 卍力 西葛西店,西葛西駅 187m , ラーメン・つけ麺(ラーメン)、ラーメン・つけ麺(つけ麺),,～￥999,～￥999,3.78,水曜日,https://tabelog.com/tokyo/A1313/A131305/13168253/,予約不可,,東京メトロ東西線「西葛西」駅(北口)から徒歩3分 西葛西駅から187m,,,カード不可 電子マネー不可 QRコード決済不可,"35.66586063875493,139.85797588416503",03-6848-1346,東京都江戸川区西葛西3-16-5 スワームマンションⅡ 1F,1457,ramen,False,35.66586063875493,139.85797588416503,
食べログ ラーメン TOKYO 百名店 2023 選出店,はつね,西荻窪駅 40m , ラーメン・つけ麺(ラーメン),,-,-,3.78,月曜日、日曜日,https://tabelog.com/tokyo/A1319/A131907/13000717/,予約不可,,JR中央線西荻窪駅南口徒歩1分看板なし目印は紺色の暖簾 西荻窪駅から40m,,,カード不可 電子マネー不可 QRコード決済不可,"35.70346173864883,139.59979488472578",03-3333-8501,東京都杉並区西荻南3-11-9 ,1441,ramen,False,35.70346173864883,139.59979488472578,
食べログ ラーメン TOKYO 百名店 2023 選出店,支那そば たんたん亭,浜田山駅 30m , ラーメン・つけ麺(ラーメン)、ラーメン・つけ麺(つけ麺),,"￥1,000～￥1,999","￥1,000～￥1,999",3.78,-,https://tabelog.com/tokyo/A1318/A131805/13000705/,予約不可,,井の頭線　浜田山駅　徒歩３０秒 浜田山駅から30m,11:00 - 20:30,■ 営業時間完売次第閉店■定休日無休,カード不可 電子マネー不可 QRコード決済不可,"35.68181633867136,139.6274104844878",03-3329-4061,東京都杉並区浜田山3-31-4 ,1390,ramen,False,35.68181633867136,139.6274104844878,
食べログ ラーメン TOKYO 百名店 2023 選出店,カネキッチン ヌードル,東長崎駅 127m , ラーメン・つけ麺(ラーメン)、ラーメン・つけ麺(つけ麺),,"￥1,000～￥1,999","￥1,000～￥1,999",3.78,水曜日,https://tabelog.com/tokyo/A1321/A132101/13203355/,予約不可,,西武池袋線「東長崎駅」南口から徒歩2分「マチテラス南長崎」の2階です。(おもちゃ屋さんの隣) 東長崎駅から127m,11:30 - 14:50,■ 営業時間限定麺、営業情報は公式X @freedam99999カネキッチンヌードル公式情報で確認してください※麺、スープなくなり次第閉店となります。■ 定休日水曜日定休日(特別営業あり公式Twitter＠freedam99999で確認,カード不可 電子マネー不可 QRコード決済不可,"35.729030738659,139.68272848492592",03-5906-5377,東京都豊島区南長崎5-26-15 マチテラス南長崎 2F,1359,ramen,False,35.729030738659,139.68272848492592,
,メンドコロ キナリ,東中野駅 319m , ラーメン・つけ麺(ラーメン)、ラーメン・つけ麺(つけ麺),フランス料理のエッセンスがきらりと光る、極上の無化調ラーメン。,～￥999,～￥999,3.78,水曜日,https://tabelog.com/tokyo/A1319/A131901/13221001/,予約不可,,JR総武線 東中野駅 東口から徒歩1分都営大江戸線 東中野駅 A1出入口から徒歩4分東京メトロ東西線 落合駅 2b出入口から徒歩8分 東中野駅から319m,,,カード不可 電子マネー不可 QRコード決済不可,"35.70565453867495,139.6861636846874",03-6279-1273,東京都中野区東中野1-51-4 大総ビル 1F,1352,ramen,False,35.70565453867495,139.6861636846874,
,煮干そば 流。,十条駅 92m , ラーメン・つけ麺(ラーメン)、ラーメン・つけ麺(つけ麺)、ラーメン・つけ麺(油そば・まぜそば),,～￥999,～￥999,3.78,火曜日,https://tabelog.com/tokyo/A1323/A132304/13175140/,予約不可,,JR埼京線「十条」駅(南口)から徒歩1分 十条駅から92m,,,カード不可 電子マネー不可 QRコード決済可 （PayPay）,"35.76108153865128,139.72240518522185",03-6454-3983,東京都北区上十条1-13-2 ,1338,ramen,False,35.76108153865128,139.72240518522185,
食べログ ラーメン TOKYO 百名店 2023 選出店,ラーメン巌哲,早稲田（都電）駅 298m , ラーメン・つけ麺(ラーメン),,"￥1,000～￥1,999","￥1,000～￥1,999",3.78,日曜日,https://tabelog.com/tokyo/A1305/A130504/13167439/,予約不可,,都電荒川線「早稲田」電停から徒歩2分東京メトロ東西線「早稲田」駅(3a出口)から徒歩10分 早稲田駅（都電）から298m,11:30 - 14:30,■ 定休日祝日の月曜日,カード可 電子マネー可 QRコード決済可,"35.71116573868282,139.72188698471803",03-6302-1281,東京都新宿区西早稲田1-10-4 ,1209,ramen,False,35.71116573868282,139.72188698471803,
食べログ ラーメン TOKYO 百名店 2023 選出店,麺創庵 砂田,庚申塚駅 430m , ラーメン・つけ麺(ラーメン),,"￥1,000～￥1,999","￥1,000～￥1,999",3.78,月曜日、木曜日、祝後日,https://tabelog.com/tokyo/A1322/A132201/13246362/,予約可,X（旧Twitter）のプロフィールのリンクより土日祝・繁忙時のピークタイムのファストパス予約受付中,JR巣鴨駅から徒歩12分都電荒川線庚申塚から徒歩8分 庚申塚駅から430m,08:00 - 15:00L.O. 14:30,■ 定休日月・木※祝日は営業し祝後日は振替休日その他、不定休はX（旧Twitter）にて告知2024年11月26日火曜日は臨時休業,カード可 （VISA、Master、JCB、AMEX、Diners） 電子マネー可 （交通系電子マネー（Suicaなど）、楽天Edy、nanaco、WAON、iD、QUICPay） QRコード決済可 （PayPay、d払い、楽天ペイ、au PAY、Alipay）,"35.7373865386699,139.73360628497466",不明の為情報お待ちしております,東京都豊島区巣鴨4-24-6 富士ビル,1166,ramen,False,35.7373865386699,139.73360628497466,
