awards,name,station,genre,pr,dinner_budget,lunch_budget,rating,holiday,url,reserve_status,reserve_method,transportation,opening_time,extra_holiday_info,payment_methods,geo_coordinates,telephone,address,num_review,type
The Tabelog Award 2024 Gold 受賞店,かさ原,神楽坂駅 566m , 焼き鳥,限界を突破し続ける、焼き鳥界の奇才。,"￥20,000～￥29,999","￥20,000～￥29,999",4.51,-,https://tabelog.com/tokyo/A1309/A130905/13266251/,完全予約制,通常はOMAKASE、限定席は食オクからのご予約となります。,神楽坂駅から566m,,,カード可 （VISA、Master、JCB、AMEX、Diners） 電子マネー不可 QRコード決済不可,"35.706384538691566,139.73980728465716",不明の為情報お待ちしております,東京都新宿区東五軒町5-5 2F,365,yakitori
The Tabelog Award 2024 Silver 受賞店,鳥しき,目黒駅 111m , 焼き鳥,,"￥6,000～￥7,999","￥6,000～￥7,999",4.49,月曜日、火曜日、日曜日,https://tabelog.com/tokyo/A1316/A131601/13041029/,予約可,※毎月最初の営業日に、お電話にて2ケ月先の月の予約を受け付けております。（例：12月ならば2月分）※予約は17時から19時まで、お電話にて受け付けております。※2025年2月ご予約に関しては下記の間でお受けいたします。12月4日 水曜日   17：00～19：00※FAXでの予約は受け付けておりません。,目黒駅から徒歩2分JR目黒駅東口(バスのロータリーがある)を出て「すき家」の右横を通り、「マクドナルド」を越えて道なりに進んで左折します。左折して10メートルほど進むと、1Ｆが薬局（高木薬局）のビルとファミリーマートの間の路地を入ったところ。 目黒駅から111m,,,カード可 （VISA、Master、JCB、Diners） 電子マネー不可 QRコード決済不可,"35.634277838730064,139.71688908394486",03-3440-7656,東京都品川区上大崎2-14-12 ,1235,yakitori
The Tabelog Award 2024 Silver 受賞店,オオクサ,四谷三丁目駅 195m , 焼き鳥,毎日目利きして仕入れるブランド地鶏を大振りカット。備長炭でじっくりと焼き上げる。,"￥8,000～￥9,999","￥8,000～￥9,999",4.38,-,https://tabelog.com/tokyo/A1309/A130903/13240980/,予約可,焼鳥店同業者様のご予約はお断り致します1週間以内のお好きな日程でご予約お受け致します1週間以上先のご予約はお受けしておりません電話予約は1週間前の昼12:00からお受け致します(例) ある週の土曜日でお席を予約したい場合、その1週間前の土曜日、昼12:00から予約を開始致します1週間前予約日が定休日の場合は、翌営業日に受付致します電話受付時間 昼12:00〜,四谷三丁目駅から徒歩4分。住所 東京都新宿区荒木町７−１３ 森戸ビル1F 四谷三丁目駅から195m,,,カード不可 電子マネー不可 QRコード決済不可,"35.689104038696954,139.7222647844949",03-6709-8874,東京都新宿区荒木町7-13 森戸ビル 1Ｆ,360,yakitori
The Tabelog Award 2024 Bronze 受賞店,焼鳥 おみ乃,押上駅 236m , 焼き鳥、鳥料理,名店 鳥しきで６年間修行した店主が、一つ一つ丁寧に焼き上げる焼鳥の数々をご堪能下さい。,"￥10,000～￥14,999","￥10,000～￥14,999",4.25,日曜日,https://tabelog.com/tokyo/A1312/A131203/13206654/,予約可,受付時間：10:00-16:00ご予約は翌々月分まで受付しております。例）12月分は10月から受付開始キャンセルポリシー7日前からのキャンセル30%3日前からのキャンセル50%前日からのキャンセル100%※営業時間中はお電話に出られないこともございますので、予めご了承願います。,押上駅B3又はA1出口より徒歩3分 押上駅から236m,16:30 - 22:30,【休業日】11月3.4.10.11.17.18.24.2512月1.2.8.9.15.16.22.23.29〜311月1〜5.12.19.20.26.27※21:00 最終入店※当店はキャッシュレス会計のみとなります。,カード可 電子マネー可 （交通系電子マネー（Suicaなど）、QUICPay） QRコード決済可,"35.70986433871358,139.81589078463898",03-5619-1892,東京都墨田区押上1-38-4 清流ビル１Ｆ,1256,yakitori
The Tabelog Award 2024 Bronze 受賞店,南青山 七鳥目,広尾駅 691m , 焼き鳥,南青山 七鳥目 焼鳥と旬野菜,"￥8,000～￥9,999","￥8,000～￥9,999",4.25,土曜日、日曜日,https://tabelog.com/tokyo/A1307/A130703/13200559/,完全予約制,ご予約はウェブサイトのみとなっております。毎月1日より翌々月分のご予約を「OMAKASE」にて受け付けております。例：12月分のご予約は10月1日より受付開始※お電話・メールでのお問い合わせは受け付けておりませんので、ご了承ください。,地下鉄日比谷線 広尾駅 徒歩10分地下鉄半蔵門線 表参道駅 徒歩15分JR山手線 恵比寿駅 タクシー5分 広尾駅から691m,,,カード可 （VISA、Master、JCB、AMEX、Diners） 電子マネー不可,"35.657101438715934,139.71803628417464",03-6427-3239,東京都港区南青山7-13-13 フォレストビル B1F,392,yakitori
The Tabelog Award 2024 Bronze 受賞店,活鰻の店 つぐみ庵,駒込駅 478m , うなぎ、焼き鳥,,"￥15,000～￥19,999","￥15,000～￥19,999",4.25,月曜日,https://tabelog.com/tokyo/A1323/A132301/13080463/,完全予約制,,JR 駒込駅東口　徒歩7分 駒込駅から478m,12:00 - 14:00,■ 定休日月に1度日曜日休日（不定）,カード不可 電子マネー不可 QRコード決済不可,"35.73790863867566,139.75274888496654",03-3823-4591,東京都北区中里1-29-1 ,197,yakitori
食べログ 焼き鳥 EAST 百名店 2024 選出店,薪鳥新神戸,赤坂見附駅 113m , 焼き鳥、鳥料理,,"￥20,000～￥29,999","￥20,000～￥29,999",4.2,-,https://tabelog.com/tokyo/A1308/A130801/13291292/,完全予約制,OMAKASEのサイトからのみ予約可能,東京メトロ赤坂見附駅10番出口から徒歩2分東京メトロ赤坂駅1番出口から徒歩9分 赤坂見附駅から113m,,,カード可 電子マネー不可 QRコード決済可 （d払い）,"35.67728121337785,139.73620310950287",不明の為情報お待ちしております,東京都港区赤坂3-9-2 No.R赤坂見附 1F,345,yakitori
食べログ 焼き鳥 EAST 百名店 2024 選出店,鍈輝,恵比寿駅 627m , 焼き鳥,名店の系譜を引く、東京新時代焼き鳥の代表格。,"￥10,000～￥14,999","￥10,000～￥14,999",4.12,日曜日,https://tabelog.com/tokyo/A1303/A130302/13230923/,予約不可,新規の電話予約は受付をしておりません。予約サイト食オクにて限定席のご予約を承ります。,恵比寿駅から627m,18:00 - 23:00,■ 営業時間18:00〜23:00(最終入店)■ 定休日(別途2日間お休みあり),カード可 （VISA、Master、JCB、AMEX、Diners） 電子マネー不可 QRコード決済不可,"35.645687638722805,139.71684148406018",不明の為情報お待ちしております,東京都渋谷区恵比寿2-10-5 ROZIS 1F,304,yakitori
食べログ 焼き鳥 EAST 百名店 2024 選出店,とり茶太郎,渋谷駅 468m , 焼き鳥,,"￥10,000～￥14,999","￥10,000～￥14,999",4.09,月曜日、火曜日,https://tabelog.com/tokyo/A1303/A130301/13157208/,完全予約制,完全予約制OMAKASEサイトよりご予約をお願いいたします。（お電話でのご予約は現在承っておりません。）cancel fee3日前　50%当日　100%※小さなお子様のご入店はお断りしております。,渋谷駅徒歩10分ほど 渋谷駅から468m,,,カード可 （VISA、Master、JCB、AMEX、Diners） 電子マネー不可 QRコード決済不可,"35.65410343871279,139.70214188415548",03-6416-0364,東京都渋谷区鶯谷町7-12 TAKビル 1F,570,yakitori
食べログ 焼き鳥 EAST 百名店 2024 選出店,鳥匠いし井ひな,麻布十番駅 761m , 焼き鳥、鳥料理,,"￥15,000～￥19,999","￥15,000～￥19,999",4.09,-,https://tabelog.com/tokyo/A1307/A130702/13271040/,完全予約制,※電話でのご予約は受け付けておりません。【電話ご対応時間】12:00～16:00ご予約は「OMAKASE」サイトからのみ承っております。（営業中は電話対応が難しくなっております。予めご了承下さいますようお願い申し上げます）,"※ナビで住所を直接検索すると反対側（2階鮨屋側）に到着してしまう場合があります。Googleマップで「鳥匠いし井ひな」を検索していただくとスムーズにルートが出ます。タクシーで2階に到着してしまった際はビル内からお迎えにあがりますので、迂回せずお電話ください。03-6722-0034If you search for the address directly on your navigation system, you may end up on the opposite side (the sushi restaurant side on the 2nd floor).Searching for ""Torisho Ishii Hina"" on Google Maps will give you a smooth route.If you arrive on the 2nd floor by taxi, we will pick you up from inside the building, so please call us without making a detour. 03-6722-0034 麻布十番駅から761m",,,カード可 （VISA、Master、JCB、AMEX、Diners） 電子マネー不可 QRコード決済不可,"35.650033988846374,139.73334102744818",03-6722-0034,東京都港区南麻布1-27-7 クリフサイドビル 1F,406,yakitori
食べログ 焼き鳥 EAST 百名店 2024 選出店,酒亭 田中,鐘ケ淵駅 362m , 焼き鳥、鳥料理、居酒屋,,"￥10,000～￥14,999","￥10,000～￥14,999",4.04,-,https://tabelog.com/tokyo/A1312/A131203/13285811/,完全予約制,電話では予約を受けていません。tablecheckでの予約,東武スカイツリーライン【鐘ヶ淵駅】徒歩５分 鐘ケ淵駅から362m,17:30 - 19:30,"・17:30〜セットメニュー7,000円　[税込]・20:00〜アラカルトチャージ1,600円　[税込](お通し＋漬物)",カード不可 電子マネー不可 QRコード決済不可,"35.73070163870152,139.8195496848469",03-3617-6615,東京都墨田区墨田3-25-7 ,208,yakitori
食べログ 焼き鳥 EAST 百名店 2024 選出店,YAKITORI 燃 es,六本木駅 142m , 焼き鳥,,"￥10,000～￥14,999","￥10,000～￥14,999",4.02,日曜日,https://tabelog.com/tokyo/A1307/A130701/13259508/,完全予約制,OMAKASE でのみ予約受付18:00〜20:1519:00〜20:40〜各８席のご案内で、お料理は一斉スタートとさせて頂いております。遅刻なさった場合は品数が減ります事をご了承下さい、,東京メトロ六本木駅徒歩3分都営大江戸線六本木駅徒歩3分 六本木駅から142m,18:00 - 23:00,■ 定休日不定休,カード可 電子マネー不可 QRコード決済不可,"35.663726438715635,139.73028618423294",非公開,東京都港区六本木7-13-10 宮下ビル 1F,514,yakitori
食べログ 焼き鳥 EAST 百名店 2024 選出店,鳥さわ22,広尾駅 768m , 焼き鳥,,"￥8,000～￥9,999","￥8,000～￥9,999",3.98,-,https://tabelog.com/tokyo/A1307/A130703/13222625/,完全予約制,,広尾駅から768m,,,カード可 （VISA、Master、JCB、AMEX、Diners） 電子マネー不可 QRコード決済不可,"35.65819623871546,139.71871578418524",03-3499-1808,東京都港区西麻布4-18-17 ,352,yakitori
食べログ 焼き鳥 EAST 百名店 2024 選出店,おみ乃 椿,京橋駅 67m , 焼き鳥,,"￥20,000～￥29,999","￥20,000～￥29,999",3.98,日曜日,https://tabelog.com/tokyo/A1302/A130202/13290286/,予約可,日曜日定休（その他不定休）11:30〜（最終入店12:00）16:30〜（最終入店17:00）19:30〜（最終入店20:00）【休業日】7月1.7.8.14.20.21.28.318月2〜9.15〜19.259月1.2.8.9.15.18.19.22.29,京橋駅から67m,,,カード可 （VISA、Master、JCB、AMEX、Diners） 電子マネー可 （交通系電子マネー（Suicaなど）、楽天Edy、nanaco、WAON、iD、QUICPay） QRコード決済可 （PayPay、d払い、楽天ペイ、au PAY）,"35.67612797744109,139.7704640686601",03-5579-5945,東京都中央区京橋2-5-17 京橋SKビル B1F,80,yakitori
食べログ 焼き鳥 EAST 百名店 2024 選出店,おみ乃 神谷町,神谷町駅 185m , 焼き鳥、鳥料理,炭火の香りを纏った伊達鶏の旨味に酔いしれる。匠の技ともてなしの心で仕上げた極上の鶏料理,"￥15,000～￥19,999","￥15,000～￥19,999",3.97,日曜日,https://tabelog.com/tokyo/A1307/A130704/13255846/,予約可,受付時間：10:00-16:00ご予約は翌々月分まで受付しております。例）12月分は10月から受付開始キャンセルポリシー7日前からのキャンセル30%3日前からのキャンセル50%前日からのキャンセル100%2024年4月より、当店はキャッシュレス会計のみとなります。各種クレジットカード、交通系IC、QR決済でのお会計が可能です。,日比谷線神谷町駅出口3より徒歩3分お店は桜田通りの一本裏の通りに面しております。 神谷町駅から185m,16:30 - 22:00,■ 営業時間昼11:30〜14:00  ※水・土のみ夜16:30〜19:00（17:00 最終入店）19:30〜22:00（20:00 最終入店）■ 定休日他不定休有,カード可 （VISA、Master、JCB、AMEX、Diners） 電子マネー可 QRコード決済可,"35.664059195537945,139.74645286702736",03-6403-1922,東京都港区虎ノ門3-17-1 TOKYU REIT虎ノ門ﾋﾞﾙ 104,357,yakitori
食べログ 焼き鳥 EAST 百名店 2024 選出店,根津 焼鳥 照隅,根津駅 60m , 焼き鳥、鳥料理,高度な職人技が織りなす、比内地鶏の旨味溢れるコース。珠玉の焼鳥をカジュアル空間で味わう,"￥10,000～￥14,999","￥10,000～￥14,999",3.91,水曜日、木曜日,https://tabelog.com/tokyo/A1311/A131106/13182104/,予約可,※当日キャンセルの場合はコース料金の100％を頂戴致しますので、予めご了承ください。,千代田線「根津」駅２番出口より徒歩1分 根津駅から60m,18:00 - 23:00L.O. 21:00,臨時休業12/1(日)12/30(月)〜1/5(日)ご予約時間のご案内より良い状態で焼鳥を召し上がって頂きたく1800〜20:30〜いずれかのお時間でのご予約お願い致します。,カード可 （VISA、Master、JCB、AMEX、Diners） 電子マネー不可 QRコード決済不可,"35.71694103869319,139.76595468474545",03-5834-8891,東京都文京区根津1-1-21 ,277,yakitori
食べログ 焼き鳥 EAST 百名店 2024 選出店,焼鳥 うの,奥沢駅 165m , 焼き鳥,,"￥8,000～￥9,999","￥8,000～￥9,999",3.9,-,https://tabelog.com/tokyo/A1317/A131711/13130757/,予約可,,東京急行電鉄目黒線 奥沢駅 徒歩3分東京東横線 自由が丘駅 徒歩15分 奥沢駅から165m,,,カード可 （VISA、Master） 電子マネー不可 QRコード決済不可,"35.6024824387359,139.67180428365535",03-3726-4220,東京都世田谷区奥沢3-30-11 ,303,yakitori
食べログ 焼き鳥 EAST 百名店 2024 選出店,とりアロマ,神保町駅 177m , 焼き鳥、鳥料理、親子丼,,"￥8,000～￥9,999","￥8,000～￥9,999",3.9,-,https://tabelog.com/tokyo/A1310/A131003/13280797/,予約可,,都営地下鉄 新宿線・三田線「神保町駅」A4出口より、徒歩1分東京メトロ 半蔵門線「神保町駅」A4出口より、徒歩1分JR中央・総武線各駅停車「水道橋駅」東口より、徒歩12分 神保町駅から177m,,,カード可 （VISA、Master、JCB、AMEX、Diners） 電子マネー不可 QRコード決済不可,"35.69651613870321,139.75669238454566",03-3263-0596,東京都千代田区神田神保町2-12-3 ,229,yakitori
食べログ 焼き鳥 EAST 百名店 2024 選出店,炭焼 TORI8,日本橋駅 131m , 焼き鳥、鳥料理,上質な空間で堪能する「焼鳥」という世界観。,"￥15,000～￥19,999","￥15,000～￥19,999",3.89,月曜日、日曜日,https://tabelog.com/tokyo/A1302/A130202/13293712/,完全予約制,苦手な食材やアレルギーがございましたら事前にお申し付け下さい。,日本橋駅　徒歩2分京橋駅　徒歩５分東京駅　徒歩１０分 日本橋駅から131m,17:30 - 22:30,17:30と20:30の2部制。,カード可 （VISA、Master、JCB、AMEX、Diners） 電子マネー不可 QRコード決済不可,"35.681003152353355,139.77458391728257",不明の為情報お待ちしております,東京都中央区日本橋2-10-11 Ordin日本橋ビル 8F,127,yakitori
食べログ 焼き鳥 EAST 百名店 2024 選出店,焼鳥 篠原,乃木坂駅 515m , 焼き鳥、鳥料理,熟成可能かつ希少な京都高坂鶏使用。五感の全てを刺激する極上の総合体験。,"￥15,000～￥19,999","￥15,000～￥19,999",3.88,-,https://tabelog.com/tokyo/A1307/A130701/13254666/,予約可,,六本木駅/乃木坂駅より約550m星条旗通り沿い 乃木坂駅から515m,,,カード可 （VISA、Master、AMEX） 電子マネー不可 QRコード決済不可,"35.662077238715064,139.72520858421987",080-7171-1374,東京都港区西麻布1-4-40 SHINOビル 1F,393,yakitori
食べログ 焼き鳥 EAST 百名店 2024 選出店,やきとりshira,梅ケ丘駅 88m , 焼き鳥、居酒屋、ワインバー,,"￥10,000～￥14,999","￥10,000～￥14,999",3.86,日曜日,https://tabelog.com/tokyo/A1318/A131812/13193012/,予約可,,小田急線梅ヶ丘駅南口　徒歩１分 梅ケ丘駅から88m,17:00 - 00:00L.O. 23:00,■ 定休日※その他休業日などはFacebookで確認お願いします,カード可 （VISA、Master） 電子マネー不可 QRコード決済不可,"35.65519913869651,139.65326548420083",03-5450-8808,東京都世田谷区梅丘1-22-1 y'sステート B1F,307,yakitori
食べログ 焼き鳥 EAST 百名店 2024 選出店,焼鳥 本田,新富町駅 410m , 焼き鳥、鳥料理、親子丼,,"￥10,000～￥14,999","￥10,000～￥14,999",3.85,日曜日,https://tabelog.com/tokyo/A1313/A131301/13143142/,完全予約制,当日ご予約可1グループ最大人数4名様までとさせていただいております。未成年の方のご入店はお断りしております。,有楽町線新富町駅7番出口より徒歩4分日比谷線築地駅3番出口より徒歩7分 新富町駅から410m,18:00 - 22:00,■ 営業時間最終入店19:30■ 定休日他不定休あり,カード可 電子マネー不可 QRコード決済不可,"35.66982553872702,139.778197684261",03-5540-2223,東京都中央区湊3-5-1 エス・ユービル 1F ,96,yakitori
食べログ 焼き鳥 EAST 百名店 2024 選出店,鳥長,練馬駅 438m , 焼き鳥、鳥料理,シンプルな調理法で供される、実直な一串。練馬の住宅街に潜む、地元に愛される名店,"￥10,000～￥14,999","￥10,000～￥14,999",3.83,-,https://tabelog.com/tokyo/A1321/A132102/13058892/,予約可,,西武池袋線　練馬駅南口から徒歩１０分弱。千川通りを越え、目白通りを目指す（練馬署を右に見て、一つ目の角を右折した細い道を直進すると左側にセブンイレブン）。目白通り沿いにセブンイレブンがあるので、ダイビングショップと韓国食材店の間の道をさらに少し直進した左側。 練馬駅から438m,,,カード不可,"35.73458953864723,139.65682678500025",非公開,東京都練馬区豊玉北4-31-8 ,609,yakitori
The Tabelog Award 2024 Bronze 受賞店,とり喜,錦糸町駅 307m , 焼き鳥,熟練の火入れで丹念に焼き上げる一串。次々と出される鶏懐石は客人を感嘆させる。,"￥8,000～￥9,999","￥8,000～￥9,999",3.81,日曜日、祝日,https://tabelog.com/tokyo/A1312/A131201/13026017/,予約可,,JR総武線「錦糸町駅」北口より、徒歩3分東京メトロ 半蔵門線「錦糸町駅」3出口より、徒歩4分 錦糸町駅から307m,,,カード可 （VISA、Master） 電子マネー不可,"35.69810563871959,139.81130548452342",03-3622-6202,東京都墨田区錦糸1-8-13 小坂ビル1階,927,yakitori
The Tabelog Award 2024 Bronze 受賞店,鳥さわ,亀戸駅 320m , 焼き鳥,備長炭で焼き上げる究極の焼き鳥がここに。絶妙なレア焼きで食すささみや血肝は至極の味わい。,"￥6,000～￥7,999","￥6,000～￥7,999",3.79,日曜日、祝日,https://tabelog.com/tokyo/A1312/A131202/13135959/,予約可,,総武中央線　亀戸駅　徒歩5分 亀戸駅から320m,,,カード可 （VISA、Master、JCB、AMEX、Diners） 電子マネー不可,"35.6983479387234,139.82373928451716",03-3682-6473,東京都江東区亀戸2-24-13 ,569,yakitori
食べログ 焼き鳥 EAST 百名店 2024 選出店,BLESS,森下駅 220m , 焼き鳥、イタリアン、鳥料理,森下駅3分◆焼鳥とワインのお店◆産地直送の新鮮な地鶏と魚介を使った絶品焼鳥おまかせコース,"￥8,000～￥9,999","￥8,000～￥9,999",3.76,,https://tabelog.com/tokyo/A1312/A131201/13246437/,予約可,,森下駅より徒歩3分 森下駅から220m,18:00 - 22:30L.O. 22:00,■ 営業時間不定休18:00～22:00土曜、日曜、祝日17時オープン,カード可 （VISA、Master、JCB、AMEX、Diners） 電子マネー可 （交通系電子マネー（Suicaなど）） QRコード決済不可,"35.68826943872208,139.79950078443235",03-6666-9678,東京都江東区森下2-20-13 ,519,yakitori
食べログ 焼き鳥 EAST 百名店 2024 選出店,焼鳥 山もと,三鷹駅 295m , 焼き鳥,,"￥8,000～￥9,999","￥8,000～￥9,999",3.76,日曜日,https://tabelog.com/tokyo/A1320/A132002/13187433/,完全予約制,お電話でのご予約は受け付けておりません。ご予約はホームページからお願いいたします。,ＪＲ中央線三鷹駅北口徒歩5分 三鷹駅から295m,,,カード可 電子マネー不可,"35.70499903863603,139.56267198476735",不明の為情報お待ちしております,東京都武蔵野市中町1-19-8 シティハイツ武蔵野 B1F,302,yakitori
食べログ 焼き鳥 EAST 百名店 2024 選出店,やきとり 陽火,白金高輪駅 725m , 焼き鳥、ワインバー,【来年1月末までのご予約受付開始のお知らせ】,"￥10,000～￥14,999","￥10,000～￥14,999",3.76,月曜日、日曜日,https://tabelog.com/tokyo/A1316/A131602/13247688/,完全予約制,【予約方法】・電話受付のみ・最大2ヶ月先まで　,白金高輪駅より徒歩10分程度※北里大学北里研究所病院の入り口の隣◆目黒駅、恵比寿駅、広尾駅からタクシー5分 白金高輪駅から725m,16:00 - 18:30,■ 営業時間2部制1部16:00〜18:302部19:00〜22:00■ 定休日※月に2回、不定休,カード可 （VISA、Master、JCB、AMEX、Diners） 電子マネー不可 QRコード決済不可,"35.64447553872662,139.7263934840412",080-8495-7977,東京都港区白金5-8-13 白金ハイツ 1F,165,yakitori
食べログ 焼き鳥 EAST 百名店 2024 選出店,鳥よし 中目黒本店,中目黒駅 212m , 焼き鳥、鳥料理,,"￥8,000～￥9,999","￥8,000～￥9,999",3.75,水曜日,https://tabelog.com/tokyo/A1317/A131701/13003200/,予約不可,,中目黒駅から212m,,,カード不可 電子マネー不可 QRコード決済不可,"35.642369338719256,139.6990839840391",03-3716-7644,東京都目黒区上目黒2-8-6 谷島ビル　１Ｆ,672,yakitori
食べログ 焼き鳥 EAST 百名店 2024 選出店,焼鳥 おがわ,四谷三丁目駅 232m , 焼き鳥,,"￥15,000～￥19,999","￥15,000～￥19,999",3.75,月曜日,https://tabelog.com/tokyo/A1309/A130903/13158357/,予約可,,東京メトロ丸の内線 四谷三丁目駅 ４番出口から徒歩４分都営新宿線 曙橋駅 Ａ４出口から徒歩５分 四谷三丁目駅から232m,17:00 - 23:00,■ 定休日火曜不定休,カード可 （VISA、Master、JCB、AMEX、Diners） 電子マネー不可 QRコード決済不可,"35.6896227386966,139.7221949845002",03-5315-4630,東京都新宿区荒木町9-1 ウインド荒木町 1F,329,yakitori
食べログ 焼き鳥 EAST 百名店 2024 選出店,とり澤,中目黒駅 130m , 焼き鳥、居酒屋,,"￥8,000～￥9,999","￥8,000～￥9,999",3.75,-,https://tabelog.com/tokyo/A1317/A131701/13248473/,予約可,お子様は小学生以上のご対応になります,中目黒駅から徒歩2分大樽さんといろは寿司さんの間 中目黒駅から130m,17:30 - 20:30,■ 営業時間一部17:30～20:00　※18：00最終入店二部20：30■ 定休日不定休,カード可 （VISA、Master、JCB、AMEX、Diners） 電子マネー不可 QRコード決済不可,"35.64482433871807,139.7002216840631",050-3133-4994,東京都目黒区上目黒1-5-13 メゾン中目黒 1F,327,yakitori
食べログ 焼き鳥 EAST 百名店 2024 選出店,鳥さわ 麻布十番,麻布十番駅 310m , 焼き鳥,,"￥6,000～￥7,999","￥6,000～￥7,999",3.75,日曜日、祝日,https://tabelog.com/tokyo/A1307/A130702/13234334/,予約可,,麻布十番駅から310m,,,カード可 電子マネー不可 QRコード決済不可,"35.65373583872373,139.73582508412815",03-3451-3677,東京都港区麻布十番3-3-4 サンピア麻布十番 8F,280,yakitori
食べログ 焼き鳥 EAST 百名店 2024 選出店,焼鶏 ひらこ,六本木駅 502m , 焼き鳥、肉料理、鳥料理,スタイリッシュで洗練された空間で味わう至極の焼鳥。こだわりのお酒とともにご堪能ください,"￥15,000～￥19,999","￥15,000～￥19,999",3.74,,https://tabelog.com/tokyo/A1307/A130701/13232545/,完全予約制,大切なお客様へ当店は限られたお席の為、『18時スタート』『20時半スタート』でご用意させていただいております。勝手ながら一斉にスタートのスタイルの為、お時間のお約束をお願いさせていただいております。,千代田線乃木坂駅徒歩７分日比谷線六本木駅徒歩７分都営大江戸線六本木駅徒歩13分 六本木駅から502m,18:00 - 20:00,■ 営業時間【2部制】18：00スタート、20：30スタート■定休日日曜日,カード可 （VISA、Master、JCB、AMEX、Diners） 電子マネー不可 QRコード決済不可,"35.66179203871543,139.72580138421657",03-5843-1790,東京都港区西麻布1-5-23 東ビル 1F,294,yakitori
食べログ 焼き鳥 EAST 百名店 2024 選出店,床島,西太子堂駅 256m , 焼き鳥、居酒屋,,"￥8,000～￥9,999","￥8,000～￥9,999",3.74,日曜日,https://tabelog.com/tokyo/A1317/A131706/13114433/,予約可,,西太子堂駅から256m,17:00 - 22:30L.O. 21:30,■ 営業時間最終ご入店21：00■ 定休日第一月曜日（月曜日が祝日の場合翌日の火曜日),カード可 （VISA、Master、JCB、AMEX、Diners） 電子マネー不可 QRコード決済可 （PayPay、楽天ペイ）,"35.64258963870906,139.66752168406344",03-5486-3318,東京都世田谷区三軒茶屋2-8-10 ルナパーク三軒茶屋１０５,288,yakitori
食べログ 焼き鳥 EAST 百名店 2024 選出店,焼き鳥 峠,牛込神楽坂駅 269m , 焼き鳥、鳥料理、日本料理,毎週土曜日16時〜18時まで、小学生以下のお子様連れのお客様も御案内致しております,"￥10,000～￥14,999","￥10,000～￥14,999",3.74,月曜日、日曜日,https://tabelog.com/tokyo/A1309/A130905/13225479/,完全予約制,先の御予約はTablecheckから、当日の御予約は直接お電話にてお問い合わせ、お願い致します。当日のキャンセルは、お一人様10000円のキャンセル料金を頂いております。,大江戸線牛込神楽坂駅徒歩3分/車1分A1出口を出て右方向へ、最初の信号（牛込北町の交差点）を渡って、左へ曲がる（牛込中央通り）50m程先の最初の信号を右へ曲がり、30m程進んだところ 牛込神楽坂駅から269m,17:00 - 22:30L.O. 料理21:30 ドリンク22:00,■ 営業時間最終入店21:00,カード可 （VISA、Master、JCB、AMEX、Diners） 電子マネー不可 QRコード決済可 （PayPay）,"35.69893800127927,139.73263407545943",03-5946-8330,東京都新宿区細工町3-5 荘 1F,195,yakitori
食べログ 焼き鳥 EAST 百名店 2024 選出店,焼鳥 せきね,駒込駅 128m , 焼き鳥,,"￥6,000～￥7,999","￥6,000～￥7,999",3.74,月曜日,https://tabelog.com/tokyo/A1323/A132301/13270116/,予約可,電話もしくはtablecheak での予約をお願いします。営業中は電話に出られないことがあります。ご了承下さい。電話予約可能時間帯　月曜日を除く12時から22時キャンセルの際はご一報お願いします。,JR駒込駅 東口より、徒歩1分東京メトロ南北線 出口3より、徒歩1分 駒込駅から128m,17:00 - 22:30L.O. 22:00,月曜日の定休日以外に不定休日あり,カード可 （VISA、Master、JCB、AMEX、Diners） 電子マネー可 QRコード決済可 （PayPay、d払い）,"35.73707663867501,139.74902628496073",03-6304-1820,東京都豊島区駒込1-29-2 ,108,yakitori
食べログ 焼き鳥 EAST 百名店 2024 選出店,蒼天 南口店,向原駅 204m , 焼き鳥、鳥料理,,"￥8,000～￥9,999","￥8,000～￥9,999",3.73,,https://tabelog.com/tokyo/A1323/A132302/13092061/,予約可,カウンター　テーブルのご指定がありましたらご記入下さい。ご指定がない場合は空いているお席でのご案内となります。ご要望・ご質問のある方はお気軽にお電話でご連絡下さいませ。なお、お店でのお待ち合わせはご遠慮頂いておりますので、お手数ですがお揃いでのご来店を必ずお願い申し上げます。よろしくお願い致します。,JR大塚駅南口徒歩３分 向原駅から204m,17:30 - 23:00L.O. 22:00,■ 営業時間◆売り切れ御礼◆,カード可 （VISA、Master、JCB、AMEX、Diners） 電子マネー不可 QRコード決済不可,"35.72956723867289,139.72741428490005",03-5944-8105,東京都豊島区南大塚3-39-13 嵯峨・加藤ビル 1F,642,yakitori
食べログ 焼き鳥 EAST 百名店 2024 選出店,焼鳥今井,外苑前駅 385m , 焼き鳥,このたび、当店ではお支払い方法をキャッシュレス決済に統一させていただく事となりました。,"￥10,000～￥14,999","￥10,000～￥14,999",3.73,,https://tabelog.com/tokyo/A1306/A130603/13025995/,予約可,ご予約の場合、ご人数分のコースのご注文をお願いしております。ご予約当日13時以降のキャンセルの場合、キャンセル料が発生する場合がございます。当日キャンセルの場合は、大変お手数をおかけしますが店舗までお電話にてお願いいたします。,東京メトロ銀座線　   外苑前駅3番出口より徒歩6分東京メトロ千代田線   表参道駅Ａ2番出口より徒歩10分 外苑前駅から385m,17:30 - 22:30,■ 営業時間17:30〜22:30ご予約最終のお時間20:00最終入店(ウォークイン)20:30早くお帰りになられたお客様がいらっしゃる場合、20時過ぎにお席が空くことがございます。遅い時間ご希望のお客様には当日、空き次第ご連絡をさしあげております。お電話にて承ります。■ 定休日毎週土曜日、日曜日他不定休の場合ございます。,カード可 （VISA、Master、JCB、AMEX、Diners、UnionPay） 電子マネー可 （交通系電子マネー（Suicaなど）、iD、QUICPay） QRコード決済可 （PayPay、d払い、楽天ペイ、au PAY、Alipay、WeChat Pay）,"35.67182103870526,139.7139352843262",070-8397-7655,東京都渋谷区神宮前3-42-11 ローザビアンカ 1F,560,yakitori
食べログ 焼き鳥 EAST 百名店 2024 選出店,焼鳥 ひら野,東銀座駅 433m , 焼き鳥,当店はキャッシュレス会計のみとなります。,"￥15,000～￥19,999","￥15,000～￥19,999",3.73,,https://tabelog.com/tokyo/A1301/A130103/13267696/,予約可,,銀座線新橋駅から徒歩5分。JR新橋駅から徒歩6分。日比谷線東銀座駅から徒歩6分。銀座駅から徒歩6分。 東銀座駅から433m,,,カード可 （VISA、Master、JCB、AMEX、Diners） 電子マネー可 （交通系電子マネー（Suicaなど）、楽天Edy、nanaco、WAON、iD） QRコード決済可 （PayPay、d払い）,"35.66755223872366,139.76313298424856",03-6281-5958,東京都中央区銀座8-12-15 全国燃料会館 1F,438,yakitori
食べログ 焼き鳥 EAST 百名店 2024 選出店,やきとり阿部,目黒駅 212m , 焼き鳥,日曜、月曜も屋号を変えて営業中！伊達鶏と旬野菜を紀州備長炭で焼き上げます！ソムリエ在中！,"￥6,000～￥7,999","￥6,000～￥7,999",3.73,月曜日、日曜日,https://tabelog.com/tokyo/A1316/A131601/13197391/,予約可,,JR山手線、東急目黒線、都営地下鉄三田線、東京メトロ南北線【目黒駅】徒歩4分 目黒駅から212m,17:00 - 23:00,■ 営業時間最終入店 22:00,カード可 （VISA、Master、JCB、AMEX、Diners） 電子マネー不可 QRコード決済不可,"35.63395423873065,139.71809908394079",03-5422-9834,東京都品川区上大崎3-3-4 MIYUKI HOUSE 1F,278,yakitori
食べログ 焼き鳥 EAST 百名店 2024 選出店,焼鳥 茜,神楽坂駅 379m , 焼き鳥,,"￥15,000～￥19,999","￥15,000～￥19,999",3.73,-,https://tabelog.com/tokyo/A1309/A130905/13196727/,完全予約制,,神楽坂駅 2番出口徒歩4分江戸川橋駅 1ｂ出口徒歩6分 神楽坂駅から379m,,,カード可 （VISA、Master、JCB、AMEX、Diners） 電子マネー不可 QRコード決済不可,"35.70564586277552,139.73079419719673",03-6228-1604,東京都新宿区天神町68 滝沢ビル1F,135,yakitori
,飛鳥くら田,神田駅 189m , 鳥料理、イノベーティブ、焼き鳥,【JR神田駅南口1分】自社養鶏場にてこだわり尽した地鶏をコースで堪能,"￥20,000～￥29,999","￥20,000～￥29,999",3.72,-,https://tabelog.com/tokyo/A1310/A131002/13281891/,完全予約制,OMAKASEよりご予約承ります。基本的にはお電話でのご予約は受け付けておりません。あらかじめご了承くださいませ。,JR神田駅南口より徒歩1分 神田駅から189m,,,カード可 （VISA、Master、JCB、AMEX、Diners） 電子マネー不可 QRコード決済不可,"35.69048263448887,139.7711782081182",03-3518-5860,東京都千代田区鍛冶町1-7-5 神田美須ビル 2F,151,yakitori
食べログ 焼き鳥 EAST 百名店 2024 選出店,焼鳥 山香,神楽坂駅 148m , 焼き鳥,,"￥10,000～￥14,999","￥10,000～￥14,999",3.72,,https://tabelog.com/tokyo/A1309/A130905/13245585/,予約可,"山香コース又は焼鳥コースをお選びください。If you are a tourist living overseas, please make a reservation through Table Check. Reservations can be made one month in advance. ",東西線神楽坂駅2番出口から徒歩1分 神楽坂駅から148m,17:30 - 23:00L.O. 22:00,"■ 定休日日曜、月曜を中心に月8日程お休みを頂いております。ネット予約の枠を設けていない19時などの時間帯や、3名様以上のご予約はお電話にてお問い合わせ下さい。If you are a tourist living overseas, please make a reservation through Table Check.Reservations can be made one month in advance.Please note that reservations made through Tabelog will not be confirmed.",カード可 （VISA、Master、JCB、AMEX、Diners） 電子マネー不可 QRコード決済可 （PayPay）,"35.70347973869117,139.73280058463274",03-6265-0108,東京都新宿区矢来町64-4 DEAR神楽坂 2F,135,yakitori
食べログ 焼き鳥 EAST 百名店 2024 選出店,鳥恵 上野広小路店,上野広小路駅 65m , 焼き鳥、鳥料理、居酒屋,【上野広小路駅1分】厳選素材の焼き鳥や旬の味覚とワインのマリアージュを堪能。完全個室完備,"￥10,000～￥14,999","￥10,000～￥14,999",3.71,日曜日,https://tabelog.com/tokyo/A1311/A131101/13128870/,予約可,※ご予約は24時間web予約で受付ております。,都営大江戸線　上野御徒町駅、東京メトロ銀座線　上野広小路駅Ａ4出口から徒歩1分。※広小路交差点より、春日通りを湯島天神方面へ。相鉄フレッサインホテルさんを過ぎた路地を左折。すぐ右側です。東京メトロ千代田線湯島駅、JR御徒町駅からも徒歩3分です。 上野広小路駅から65m,17:30 - 22:30L.O. ドリンク22:00,・毎週日曜定休・１１月のお休み11日（月）、20日（水）、25日（月）・１２月のお休み11日（水）30日（月）～新年1月6日（月）まで冬季休業とさせていただきます。＊尚12月29日（日）は特別営業しております。,カード可 （VISA、Master、JCB、AMEX、Diners） 電子マネー不可 QRコード決済可 （PayPay）,"35.70785533870099,139.7723363846492",03-3836-0211,東京都文京区湯島3-40-8 栗田ビル 1F,575,yakitori
食べログ 焼き鳥 EAST 百名店 2024 選出店,鳥焼 笹や,目黒駅 531m , 焼き鳥、居酒屋,一羽丸ごと仕入れで希少部位も堪能できる焼鳥屋。コースのみのご予約になります。◆半個室も完備,"￥6,000～￥7,999","￥6,000～￥7,999",3.71,,https://tabelog.com/tokyo/A1316/A131601/13045529/,予約可,,ＪＲ山手線【目黒駅】徒歩７分東急目黒線、都営地下鉄三田線、東京メトロ南北線【目黒駅】徒歩８分 目黒駅から531m,17:30 - 22:00,■ 営業時間最終入店20:30■ 定休日月曜日、日曜日,カード可 （VISA、Master、JCB、AMEX） 電子マネー不可 QRコード決済不可,"35.635291638727274,139.71014188395986",03-5719-7627,東京都目黒区目黒1-24-6 室井ビル 1F,442,yakitori
食べログ 焼き鳥 EAST 百名店 2024 選出店,道しるべ,西武新宿駅 361m , 焼き鳥,,"￥6,000～￥7,999","￥6,000～￥7,999",3.71,水曜日、日曜日、祝日,https://tabelog.com/tokyo/A1304/A130401/13101685/,予約可,予約の電話は営業中は中々出れない為、お店の電話ののショートメールにお名前、人数、時間を入れてもらえるようお願いします翌日に返信させて頂きます当日のお席の空き状況はinstagram:michisirube_kabukiでチェックして見てくださいませよろしくお願い致します,西武新宿線「西武新宿駅」より、徒歩3分東京メトロ 丸ノ内線「新宿駅」B13出口より、徒歩3分都営地下鉄 大江戸線「新宿西口駅」D3出口より、徒歩4分JR埼京線・湘南新宿ライン・中央・総武線各駅(停車)・中央線(快速)・山手線「新宿駅」東口より、徒歩5分京王線「新宿駅」京王西口より、徒歩6分小田急線「新宿駅」西口より、徒歩6分 西武新宿駅から361m,18:00 - 01:00,【定休日】水曜日、日曜日、月末最終週の月曜日、休祝日,カード不可 電子マネー不可 QRコード決済不可,"35.69475873868745,139.70369328456505",090-1777-8101,東京都新宿区歌舞伎町1-3-7 ,425,yakitori
食べログ 焼き鳥 EAST 百名店 2024 選出店,鳥おか,神谷町駅 296m , 焼き鳥,「静と動」,"￥20,000～￥29,999","￥20,000～￥29,999",3.71,月曜日、祝日,https://tabelog.com/tokyo/A1307/A130701/13293212/,完全予約制,・ご予約は予約サイト『OMAKASE』より、毎月1日に2か月先までのご予約を承ります。※2024年12月から2か月先までご予約受付※コース一斉スタートの為、ご連絡無しに15分以上遅れる場合、キャンセル扱いとさせていただき、キャンセル料100%を申し受けます。予めご了承ください。※万が一、遅刻・途中退店される場合、コースの一部をお出しできできない可能性もございます。,※麻布台ヒルズ ガーデンプラザC B1Fの麻布台ヒルズマーケット内、「麻布台 鳥しき」横に当店の入り口がございます。■電車東京メトロ日比谷線「神谷町駅」5番出口 直結東京メトロ南北線「六本木一丁目駅」2番出口 徒歩4分東京メトロ日比谷線「六本木駅」3番出口 徒歩10分都営大江戸線「六本木駅」5番出口徒歩10分都営大江戸線「麻布十番駅」6番出口 徒歩10分東京メトロ南北線「麻布十番駅」3番出口 徒歩11分都営三田線「御成門駅」A6出口 徒歩11分最寄り駅○東京メトロ日比谷線『神谷町駅』　　○東京メトロ南北線『六本木一丁目駅』 神谷町駅から296m,12:00 - 15:00,1部/12:00～15：002部/17:00～20：00定休日:月曜日、祝祭日(月曜日が祝祭日の場合、火曜日休み),カード可 電子マネー可 QRコード決済可,"35.662079167926194,139.74188641155243",03-6441-2774,東京都港区麻布台1-2-4 麻布台ヒルズ ガーデンプラザC B1F,79,yakitori
食べログ 焼き鳥 EAST 百名店 2024 選出店,伊勢廣 京橋本店,京橋駅 209m , 焼き鳥、鳥料理、日本料理,創業大正10年◆老舗店舗の伝統の焼鳥フルコースを「賑わい」「寛ぎ」「ハレ」の空間でご堪能。,"￥10,000～￥14,999","￥10,000～￥14,999",3.7,日曜日、祝日,https://tabelog.com/tokyo/A1302/A130202/13251802/,予約可,,地下鉄銀座線京橋駅 徒歩3分ＪＲ東京駅 徒歩5分 京橋駅から209m,,,カード可 （VISA、Master、JCB、AMEX、Diners） 電子マネー不可 QRコード決済不可,"35.67848793871901,139.77034148435396",03-3281-5864,東京都中央区京橋1-4-9 ,698,yakitori
食べログ 焼き鳥 EAST 百名店 2024 選出店,白金 酉玉 本館,広尾駅 821m , 焼き鳥、鳥料理、日本料理,ジャズの流れるカウンターは洗練された大人の空間。個性豊かな希少部位の串焼きと銘酒を堪能,"￥5,000～￥5,999","￥5,000～￥5,999",3.7,,https://tabelog.com/tokyo/A1316/A131602/13005504/,予約可,まれに食べロク上で当日のご予約の御時間変更をされた場合、御後のお客様のお時間とダブルブッキングになる場合がございます。当日の予約のお時間変更がございましたら、お手数ですが店舗までご連絡頂きますよう宜しくお願い致します。,広尾駅　徒歩１０分JR恵比寿駅東口　徒歩１５分 広尾駅から821m,,,カード可 （VISA、Master、AMEX、Diners） 電子マネー不可 QRコード決済不可,"35.64448343872517,139.72189948404446",03-5795-2950,東京都港区白金6-22-19 ,523,yakitori
食べログ 焼き鳥 EAST 百名店 2024 選出店,瀬尾,麻布十番駅 88m , 焼き鳥、鳥料理,,"￥10,000～￥14,999","￥10,000～￥14,999",3.7,日曜日,https://tabelog.com/tokyo/A1307/A130702/13005034/,予約可,,麻布十番駅 麻布十番駅から88m,,,カード可 （VISA、Master、JCB、AMEX、Diners） 電子マネー不可 QRコード決済不可,"35.65718203872144,139.73547478416322",03-5574-8881,東京都港区麻布十番1-4-2 カーサツルオカ　B1F,243,yakitori
食べログ 焼き鳥 EAST 百名店 2024 選出店,虎ノ門 焼鳥國よし,虎ノ門ヒルズ駅 278m , 焼き鳥、鳥料理、居酒屋,【土曜営業のご案内】12月7・21・28日は17時より営業です,"￥10,000～￥14,999","￥10,000～￥14,999",3.7,,https://tabelog.com/tokyo/A1308/A130802/13213940/,予約可,,■電車銀座線：虎ノ門駅1番出口5分JR：新橋駅烏森口12分日比谷線：虎ノ門ヒルズ駅B3出口3分三田線：内幸町駅A3出口6分■お車・タクシー愛宕下通り西新橋２丁目歩道橋・西新橋二丁目西信号虎ノ門ヒルズ内ではございませんご注意ください 虎ノ門ヒルズ駅から278m,17:00 - 23:00L.O. 22:00,【12月土曜営業のご案内】12月7・21・28日は17時より営業【年末年始のご案内】12月29日(日)から1月5日(日)まで冬季お休み,カード可 （VISA、Master、JCB、AMEX、Diners） 電子マネー不可 QRコード決済可 （PayPay）,"35.66704053872005,139.75078018425205",03-3581-1988,東京都港区西新橋2-15-2 親和ビル B1,239,yakitori
食べログ 焼き鳥 EAST 百名店 2024 選出店,鳥さみ,亀有駅 219m , 焼き鳥,,"￥8,000～￥9,999","￥8,000～￥9,999",3.7,日曜日、祝日,https://tabelog.com/tokyo/A1324/A132403/13256125/,予約可,,JR亀有駅南口より徒歩3分 亀有駅から219m,,,カード可 （VISA、Master、JCB、AMEX、Diners） 電子マネー不可 QRコード決済不可,"35.76618663868869,139.85003558518397",03-3602-1192,東京都葛飾区亀有3-27-15 エルブランコ 1F,101,yakitori
食べログ 焼き鳥 EAST 百名店 2024 選出店,おが和,人形町駅 153m , 焼き鳥、日本料理,,-,-,3.69,土曜日、日曜日、祝日,https://tabelog.com/tokyo/A1302/A130204/13063782/,予約可,ランチのテイクアウトとディナーは予約,東京メトロ日比谷線、都営地下鉄浅草線【人形町駅】A4出口徒歩2分東京メトロ半蔵門線【水天宮前駅】徒歩６分 人形町駅から153m,11:25 - 13:30,■ 営業時間なくなり次第終了,カード不可 電子マネー不可 QRコード決済可 （PayPay）,"35.68746423871708,139.78217758443634",03-3661-8711,東京都中央区日本橋人形町3-11-2 ,974,yakitori
食べログ 焼き鳥 EAST 百名店 2024 選出店,鳥つた,恵比寿駅 408m , 焼き鳥、居酒屋、鳥料理,［NEWS］分店【焼鳥 角レ】をOPENしました、よろしくお願いいたします。,"￥8,000～￥9,999","￥8,000～￥9,999",3.69,-,https://tabelog.com/tokyo/A1303/A130302/13237390/,予約可,■ご予約は【トレタかんたんweb予約】をご利用ください。web予約は下記、当店SNS、またはH.Pから行えます。■※1.5時間程度のご利用でよろしければご案内可能な場合も御座います。お電話にてお問い合わせください■営業時間中は電話応対が難しい場合が御座いますので翌日以降のご予約はweb予約をご利用ください。お電話は当日の空席確認のみお受け致します。,JR恵比寿駅東口から徒歩5分 恵比寿駅から408m,17:00 - 23:30L.O. 22:30,■ 営業時間食材がなくなり次第閉店する場合も御座います。お電話でご確認ください。■ 定休日年末年始,カード可 （VISA、Master、JCB、AMEX、Diners） 電子マネー不可 QRコード決済可 （PayPay）,"35.646460838721566,139.71455358406956",03-6456-4581,東京都渋谷区恵比寿1-22-12 エビステルコ 2F ,446,yakitori
食べログ 焼き鳥 EAST 百名店 2024 選出店,鳥さわ ジグボーンクラブ,白金台駅 769m , 焼き鳥、ラーメン,,"￥4,000～￥4,999","￥4,000～￥4,999",3.69,日曜日、祝日,https://tabelog.com/tokyo/A1316/A131602/13276341/,予約可,,白金台駅から769m,,,カード不可 電子マネー不可 QRコード決済不可,"35.64448083872569,139.7235442840433",090-7017-0022,東京都港区白金6-2-4 ,246,yakitori
食べログ 焼き鳥 EAST 百名店 2024 選出店,焼鳥 高はし,日本橋駅 133m , 焼き鳥,,"￥15,000～￥19,999","￥15,000～￥19,999",3.69,日曜日,https://tabelog.com/tokyo/A1302/A130202/13277790/,完全予約制,おまかせコース （12000円税込)ご予約制になります。 ご予約は、Table Check、またはお電話で４名様までお受けしております。 17時、18時、20時で承っております。,銀座線日本橋駅から約2分東京駅から八重洲口から約10分 日本橋駅から133m,17:00 - 22:30,■ 営業時間[月～金]最終のご入店20時[土]最終のご入店18時■ 定休日日曜日、その他不定休　ネット予約にない人数での利用のご希望はお電話でお問い合わせ下さいませ,カード可 （VISA、Master、JCB、AMEX、Diners） 電子マネー不可 QRコード決済不可,"35.68099037630599,139.77460474947404",03-3527-9501,東京都中央区日本橋2-10-11 Ordin日本橋ビル 2F,163,yakitori
食べログ 焼き鳥 EAST 百名店 2024 選出店,やきとり 右羽。,学芸大学駅 134m , 焼き鳥、居酒屋,"名店で培った確かな技術で味わう""本物""の焼鳥。【学芸大学駅徒歩3分】","￥8,000～￥9,999","￥8,000～￥9,999",3.69,,https://tabelog.com/tokyo/A1317/A131702/13253473/,予約可,,東急東横線　学芸大学駅東口徒歩3分 学芸大学駅から134m,17:30 - 23:00,土曜日は１７時30〜２０時、２０時１５分〜２３時の間でのご予約の受付となっております。混み合った場合は、お席2時間30分でお願いしております。ネット予約はインスタグラムより受け付けております。,カード可 （VISA、Master、JCB、AMEX） 電子マネー不可 QRコード決済不可,"35.629680734567,139.68647657690906",070-2667-7796,東京都目黒区鷹番2-20-19 W.学芸大学 1F,149,yakitori
食べログ 焼き鳥 EAST 百名店 2024 選出店,鳥よし 銀座店,内幸町駅 363m , 焼き鳥,,"￥8,000～￥9,999","￥8,000～￥9,999",3.68,-,https://tabelog.com/tokyo/A1301/A130101/13016582/,予約可,,JR有楽町駅　徒歩4分地下鉄銀座駅　徒歩4分JR新橋駅　徒歩5分 内幸町駅から363m,16:00 - 22:00L.O. 21:20,■ 定休日年末年始,カード可 （VISA、Master、JCB、AMEX、Diners） 電子マネー不可 QRコード決済可,"35.67062205903875,139.75974257226363",03-5537-3222,東京都中央区銀座7-2 銀座コリドー 街 1F,560,yakitori
食べログ 焼き鳥 EAST 百名店 2024 選出店,どろまみれ,曙橋駅 186m , 焼き鳥、鳥料理、居酒屋,,"￥5,000～￥5,999","￥5,000～￥5,999",3.68,月曜日、日曜日,https://tabelog.com/tokyo/A1309/A130903/13116757/,予約可,,・地下鉄丸ノ内線  四谷三丁目駅  4番出口より徒歩4分・都営新宿線  曙橋駅  A4番出口を出て、すぐ右後ろにある　陸橋階段を上がり、徒歩4分 曙橋駅から186m,17:00 - 00:00L.O. 23:30,【11月のお休み】日・月【12月のお休み】日曜　※年内最終営業日は12/29(日)です。,カード可 （VISA、Master、JCB、AMEX、Diners） 電子マネー可 QRコード決済可,"35.690721838696014,139.72253108451105",03-6380-1197,東京都新宿区荒木町20 ヤカタビル ２Ｆ,499,yakitori
,葉隠,渋谷駅 611m , もつ焼き、串焼き、焼き鳥,,"￥6,000～￥7,999","￥6,000～￥7,999",3.68,土曜日、日曜日、祝日,https://tabelog.com/tokyo/A1303/A130301/13012940/,予約可,,渋谷駅から徒歩15分宮益坂を上がりきって道なりに歩き、一つ目の横断歩道（信号）を右に渡ったところの路地一つ入った付近 渋谷駅から611m,17:00 - 23:00L.O. 料理22:00,★営業する土曜日もあるそう。,カード不可 電子マネー不可 QRコード決済不可,"35.66064483871035,139.70757148421774",03-3400-3294,東京都渋谷区渋谷2-8-11 ,337,yakitori
食べログ 焼き鳥 EAST 百名店 2024 選出店,串焼 大助,大門駅 140m , 焼き鳥、日本料理、居酒屋,,"￥6,000～￥7,999","￥6,000～￥7,999",3.68,日曜日、祝日,https://tabelog.com/tokyo/A1314/A131401/13116576/,予約可,,大門駅から徒歩2分 大門駅から140m,,,カード可 （VISA、Master、JCB、AMEX、Diners） 電子マネー不可 QRコード決済不可,"35.6566594387274,139.75317908414553",03-3436-7660,東京都港区芝大門2-1-4 ,292,yakitori
食べログ 焼き鳥 EAST 百名店 2024 選出店,興,三ノ輪駅 318m , 焼き鳥、居酒屋、揚げ物,,"￥3,000～￥3,999","￥3,000～￥3,999",3.68,水曜日,https://tabelog.com/tokyo/A1324/A132401/13115926/,予約可,席の御指定は承っておりませんので予めご了承下さい。席のご利用時間はご予約の時間から2時間とさせて頂いております。重ねてご了承下さいませ。※基本お子様連れはお断りさせて頂いております。※,日比谷線　三ノ輪駅（2番出口）から徒歩5分※スーパー「ワイズマート」の左脇の道を直進すると、左側に有ります。 三ノ輪駅から318m,17:30 - 23:00L.O. 22:00,■ 営業時間日によっては早めにラストオーダー取る時がありますがご了承下さい。,カード不可 電子マネー可,"35.73033043869169,139.78795498486528",03-3807-4776,東京都荒川区東日暮里1-32-3 1F,201,yakitori
食べログ 焼き鳥 EAST 百名店 2024 選出店,文ちゃん,飯田橋駅 432m , 焼き鳥、鳥料理,,"￥10,000～￥14,999","￥10,000～￥14,999",3.68,月曜日、日曜日,https://tabelog.com/tokyo/A1309/A130905/13011406/,予約可,,飯田橋駅から432m,,,カード可 （VISA、Master、JCB、AMEX、Diners） 電子マネー不可 QRコード決済不可,"35.70076963869513,139.73979588460045",03-3266-8930,東京都新宿区神楽坂3-6 高橋ビル２　Ｂ１Ｆ,175,yakitori
,鳥なお,田原町駅 177m , 焼き鳥、居酒屋、日本酒バー,【田原町駅徒歩2分・浅草駅徒歩5分】紀州備長炭で焼く最高の『焼鳥』と店主こだわりの日本酒。,"￥6,000～￥7,999","￥6,000～￥7,999",3.68,月曜日,https://tabelog.com/tokyo/A1311/A131102/13172840/,予約可,,東京メトロ銀座線「田原町駅」から徒歩2分「浅草駅」から徒歩5分 田原町駅から177m,17:30 - 23:00L.O. 22:00,■ 定休日隔週火曜日（火曜日の営業については、お気軽にお問合せください。）,カード可 （VISA、Master、JCB、AMEX、Diners） 電子マネー不可 QRコード決済不可,"35.71010573870598,139.79248688465785",03-3843-5805,東京都台東区雷門1-5-9 いさよビル 1F,129,yakitori
食べログ 焼き鳥 EAST 百名店 2024 選出店,焼鳥 嘉とう,三田駅 337m , 焼き鳥、鳥料理、ワインバー,,"￥10,000～￥14,999","￥10,000～￥14,999",3.68,月曜日、日曜日,https://tabelog.com/tokyo/A1314/A131402/13193773/,予約可,"当日のご予約のキャンセル、人数変更は事前のご連絡をお願いいたします。当日のキャンセル、人数変更はキャンセル料お一人様4,950円（税込）を頂いております。",JR田町駅三田口 徒歩6分都営浅草線、都営三田線A3出口から徒歩3分 三田駅から337m,18:00 - 22:00,■ 営業時間18：00〜22：00※串が無くなり次第、終了,カード可 （VISA、Master、JCB、AMEX、Diners） 電子マネー不可 QRコード決済可 （楽天ペイ）,"35.6473026387303,139.7436198840577",03-6722-0977,東京都港区三田3-3-2 豊田ビル 2F,107,yakitori
食べログ 焼き鳥 EAST 百名店 2024 選出店,ヒヨク之トリ,麻布十番駅 255m , 焼き鳥、串焼き、日本酒バー,,"￥5,000～￥5,999","￥5,000～￥5,999",3.67,-,https://tabelog.com/tokyo/A1307/A130702/13111237/,予約可,,東京メトロ南北線・都営大江戸線麻布十番駅6番出口より徒歩約3分 麻布十番駅から255m,17:00 - 23:00,■営業時間毎日17:00～23:00(ラストオーダー 22:00)■ 定休日不定休,カード可 （VISA、Master、JCB、AMEX、Diners） 電子マネー不可 QRコード決済可 （PayPay）,"35.65759793872214,139.73852838416528",03-6441-0917,東京都港区東麻布3-2-9 ,653,yakitori
食べログ 焼き鳥 EAST 百名店 2024 選出店,喜鈴,恵比寿駅 151m , 焼き鳥、水炊き、居酒屋,【恵比寿駅西口徒歩１分】 平日は17時から、土日祝日は16時から営業しております,"￥8,000～￥9,999","￥8,000～￥9,999",3.67,,https://tabelog.com/tokyo/A1303/A130302/13188236/,予約可,,JR恵比寿駅西口より徒歩1分東京メトロ日比谷線1番・2番出口より徒歩1分 恵比寿駅から151m,,,カード可 （VISA、Master、JCB、AMEX、Diners） 電子マネー不可 QRコード決済不可,"35.64729263871912,139.70849878408225",03-6427-8437,東京都渋谷区恵比寿西1-8-10 EBISU高橋ビルB1F,606,yakitori
,焼鳥 みかど,新宿三丁目駅 63m , 焼き鳥、居酒屋,☆期間限定☆ランチ営業終日実施中！！【個室完備】店主が丁寧に焼き上げる焼鳥✕世界のワイン,"￥8,000～￥9,999","￥8,000～￥9,999",3.67,,https://tabelog.com/tokyo/A1304/A130401/13254421/,予約可,※コースは2時間制となります。※予約時(Webなど)のお席の指定はお受けしておりません。※お店に要望がある場合は必ずお電話下さい。（コメントですとお店からの確認連絡が出来ない場合があるのでご了承下さい）,東京メトロ丸ノ内線　新宿三丁目駅　徒歩1分JR山手線　新宿駅　徒歩3分 新宿三丁目駅から63m,12:00 - 15:00,■ 営業時間■ランチ13：00最終入店となります。前日の22時まで予約必須。■ 定休日無,カード可 （VISA、Master、AMEX） 電子マネー不可 QRコード決済不可,"35.69054983869032,139.7043237845221",050-3188-0647,東京都新宿区新宿3-31-1 大伸第2ビル 9F,591,yakitori
食べログ 焼き鳥 EAST 百名店 2024 選出店,銀座バードランド,銀座駅 103m , 焼き鳥、鳥料理,,"￥10,000～￥14,999","￥10,000～￥14,999",3.67,月曜日、日曜日、祝日,https://tabelog.com/tokyo/A1301/A130101/13004097/,予約可,,丸の内線、銀座駅Ｃ６出口へ入ると、鶏の絵の看板があります。 銀座駅から103m,,,カード可 （VISA、Master、JCB、AMEX、Diners）,"35.67278463872057,139.7638928843009",03-5250-1081,東京都中央区銀座4-2-15 塚本素山ビル　Ｂ１Ｆ,428,yakitori
食べログ 焼き鳥 EAST 百名店 2024 選出店,焼鳥 はちまん,早稲田（都電）駅 341m , 焼き鳥、鳥料理,,"￥6,000～￥7,999","￥6,000～￥7,999",3.67,火曜日,https://tabelog.com/tokyo/A1305/A130504/13000055/,予約可,混雑時（お席お待ちの方がいらっしゃる場合）、ご予約の時間から３時間でお席を空けていただきます。,都電荒川腺「早稲田」駅から徒歩5分東京メトロ「早稲田」駅から徒歩7分東京メトロ「西早稲田」駅から徒歩12分 早稲田駅（都電）から341m,17:00 - 23:00,最新の情報はInstagramを参照ください。■ 定休日火曜日　　第２、４水曜日12/25（水）臨時営業12/31〜1/5　休業,カード可 （VISA、Master、JCB、AMEX、Diners） 電子マネー不可 QRコード決済不可,"35.709587038682066,139.71635668470597",03-3203-2880,東京都新宿区西早稲田3-1-1 八幡鮨　Ｂ１Ｆ,426,yakitori
食べログ 焼き鳥 EAST 百名店 2024 選出店,阿佐ヶ谷バードランド,阿佐ケ谷駅 104m , 焼き鳥、居酒屋、ワインバー,,"￥10,000～￥14,999","￥10,000～￥14,999",3.67,月曜日、日曜日,https://tabelog.com/tokyo/A1319/A131905/13026225/,予約可,,JR阿佐ヶ谷駅より徒歩2分。JR阿佐ヶ谷駅南口を出てすぐ右にある交番の脇道を線路沿いに100m程進むと道に突き当たるので、そこを左に曲がって二軒目です。 阿佐ケ谷駅から104m,17:00 - 22:30L.O. 22:00,■ 営業時間※ネタが無くなり次第早く閉める事があります。※ご利用時間は2時間〜2時間半程度でお願い致します。,カード可 （VISA、Master、JCB、AMEX、Diners） 電子マネー不可 QRコード決済可 （PayPay）,"35.704361638659385,139.63474888471038",03-3392-8941,東京都杉並区阿佐谷南3-37-9 パールアサガヤ　１Ｆ,367,yakitori
,晩鶏,乃木坂駅 629m , 焼き鳥,乃木坂駅より徒歩7分。落ち着いた空間でゆったりと過ごせるワンランク上のやきとり店,"￥8,000～￥9,999","￥8,000～￥9,999",3.67,日曜日,https://tabelog.com/tokyo/A1307/A130701/13168868/,予約可,,日比谷線　広尾駅・六本木駅　徒歩10分大江戸線　六本木駅　　　　　徒歩10分千代田線　乃木坂駅　　　　　徒歩8分 乃木坂駅から629m,17:00 - 23:00L.O. 22:00,■ 営業時間最終入店　（月曜〜金曜）21：45  （土曜、祝日）20：45テイクアウトのお弁当は当日15:00までのご予約にて承ります。お引渡しは当日17:00以降にてお願い致します。■ 定休日日曜日、祝祭日営業,カード可 （VISA、Master、JCB、AMEX、Diners） 電子マネー不可 QRコード決済不可,"35.66142393871495,139.72355798421444",03-6804-1759,東京都港区西麻布1-14-2 疋田ビル 1F,305,yakitori
,焼鳥 月や,銀座駅 336m , 焼き鳥、日本料理、鳥料理,都会の喧騒を忘れ素材の魅力を極限まで引き出した唯一無二の「伊達鶏串」を堪能。,"￥15,000～￥19,999","￥15,000～￥19,999",3.67,,https://tabelog.com/tokyo/A1301/A130101/13257365/,予約可,※お食事はお1人様1コースのご注文から承っております。※お苦手な食材やアレルギーがございましたら、ご予約時にお知らせくださいませ。※ご予約の確認でお電話をさせていただくことがございます。,地下鉄　銀座線　銀座駅　B7出口　下車徒歩4分JR　山ノ手線　京浜東北線　「有楽町駅」下車徒歩5分JR　山ノ手線　京浜東北線　「新橋駅」下車徒歩7分 銀座駅から336m,,,カード可 （VISA、Master、JCB、AMEX、Diners） 電子マネー不可 QRコード決済不可,"35.6701079387214,139.7611547842758",03-6264-5248,東京都中央区銀座7-4-5 銀座745ビル 10F,145,yakitori
,神保町 五木田,九段下駅 416m , 焼き鳥、フレンチ、イノベーティブ,神保町駅より5分 水道橋駅より6分,"￥15,000～￥19,999","￥15,000～￥19,999",3.67,,https://tabelog.com/tokyo/A1310/A131003/13262208/,予約可,・受付時間/当日17：00まで/17：00以降は電話対応可・コース料理のみ（21：00以降の御来店アラカルト要相談）・アレルギー等による料理内容の変更/事前連絡必須・当日不可・13歳未満のお子様は個室のみご案内可,半蔵門線　三田線　神保町駅から徒歩5分JR総武線　水道橋駅から徒歩7分東西線　九段下駅から徒歩７分 九段下駅から416m,17:30 - 23:00L.O. 料理22:00 ドリンク22:30,■ 定休日ー月曜月2回の日曜休みあり（祝前日等による変更あり）,カード可 （VISA、Master、JCB、AMEX、Diners） 電子マネー不可 QRコード決済不可,"35.69835122117854,139.75435229877965",03-6272-4365,東京都千代田区西神田2-4-9 第二錦水ビル 1F,140,yakitori
食べログ 焼き鳥 EAST 百名店 2024 選出店,やき鳥 宮川,茅場町駅 239m , 焼き鳥、鳥料理、居酒屋,,"￥3,000～￥3,999","￥3,000～￥3,999",3.66,土曜日、日曜日、祝日,https://tabelog.com/tokyo/A1302/A130203/13008082/,予約不可,,茅場町駅2番出口から徒歩2分 茅場町駅から239m,,,カード不可 電子マネー不可 QRコード決済不可,"35.67828853872168,139.77830998434638",03-3668-7080,東京都中央区日本橋茅場町3-5-1 ,1389,yakitori
,栄一,京橋駅 211m , 焼き鳥、親子丼,,"￥5,000～￥5,999","￥5,000～￥5,999",3.66,土曜日、日曜日、祝日,https://tabelog.com/tokyo/A1302/A130202/13000542/,予約可,,銀座線京橋駅7番出口徒歩3分ＪＲ東京駅八重洲中央口、南口より３分 京橋駅から211m,,,カード可 （Master、JCB、AMEX、Diners） 電子マネー不可 QRコード決済不可,"35.67851503871884,139.76989028435457",03-3281-6578,東京都中央区京橋1-5-1 ,837,yakitori
,白金 酉玉 神楽坂店,牛込神楽坂駅 410m , 焼き鳥、串焼き、居酒屋,【神楽坂駅徒歩5分】20種以上の希少部位の焼鳥をおまかせコースで。デート・記念日やご接待に,"￥6,000～￥7,999","￥6,000～￥7,999",3.66,,https://tabelog.com/tokyo/A1309/A130905/13059154/,予約可,,JR、東京メトロ有楽町線飯田橋駅から徒歩５分東京メトロ東西線神楽坂駅A1出口から徒歩５分 牛込神楽坂駅から410m,17:00 - 23:00L.O. 22:30,■ 月曜定休年末年始（12/31~1/2）,カード可 （VISA、Master、JCB、AMEX、Diners） 電子マネー不可 QRコード決済不可,"35.70227386483545,139.73888868020325",03-6457-5131,東京都新宿区神楽坂5-7 山桝ハウス B1F,626,yakitori
,蒲田鳥久 本店,梅屋敷駅 541m , からあげ、焼き鳥、弁当,,～￥999,～￥999,3.66,-,https://tabelog.com/tokyo/A1315/A131503/13003306/,予約可,,梅屋敷駅から541m,07:00 - 17:00,■ 営業時間［弁当］7:00～16:00［惣菜］9:00～17:00■ 定休日第3水曜日,カード不可 電子マネー不可 QRコード決済不可,"35.56631593877497,139.72236078325457",03-3731-5888,東京都大田区蒲田1-8-12 ,442,yakitori
,伊勢廣 帝劇店,日比谷駅 245m , 焼き鳥、鳥料理、居酒屋,有楽町駅・日比谷駅すぐ・創業大正１０年 老舗焼き鳥の名店,"￥8,000～￥9,999","￥8,000～￥9,999",3.66,土曜日、日曜日、祝日,https://tabelog.com/tokyo/A1301/A130102/13000127/,予約可,,地下鉄有楽町線有楽町駅A1出口徒歩1分／JR有楽町駅徒歩3分／都営三田線日比谷駅B4出口徒歩1分 日比谷駅から245m,11:30 - 13:30L.O. 13:20,8月中旬 年末年始 休業2024年ゴールデンウィーク4月27日(土)~5月６日(月)  休業いたします,カード可 （VISA、Master、JCB、AMEX、Diners） 電子マネー不可 QRコード決済不可,"35.67662913871717,139.76084528434185",03-3211-1647,東京都千代田区丸の内3-1-1 帝劇ビル B1F,415,yakitori
食べログ 焼き鳥 EAST 百名店 2024 選出店,伊勢廣 ニューオータニ店,麹町駅 478m , 焼き鳥、鳥料理、居酒屋,新鮮な食材、プロの料理人が手がける焼き鳥屋。,"￥8,000～￥9,999","￥8,000～￥9,999",3.66,-,https://tabelog.com/tokyo/A1308/A130803/13000174/,予約可,,「紀尾井坂」途中のアーケード入口よりホテルにお入り戴きますとキャッシャーの先、右手に伊勢廣がございます。 麹町駅から478m,11:00 - 14:00L.O. 13:30,■ 定休日無休,カード可 電子マネー不可 QRコード決済可 （PayPay、d払い、au PAY）,"35.68168253870545,139.7341520844116",03-3221-4101,東京都千代田区紀尾井町4-1 ホテルニューオータニ東京 アーケード階,398,yakitori
,焼鳥 鐡,新宿西口駅 109m , 焼き鳥、鳥料理、居酒屋,☆12月より土日限定ランチコース開始☆【2022年百名店取得】新宿にリニューアルオープン。,"￥8,000～￥9,999","￥8,000～￥9,999",3.66,,https://tabelog.com/tokyo/A1304/A130401/13286865/,予約可,※コースは2時間制となります。※予約時(Webなど)のお席の指定はお受けしておりません。※お店に要望がある場合は必ずお電話下さい。（コメントですとお店からの確認連絡が出来ない場合があるのでご了承下さい）,新宿駅　徒歩4分 新宿西口駅から109m,17:00 - 23:00L.O. 22:00,■ 定休日無,カード可 （VISA、Master、JCB、AMEX、Diners） 電子マネー不可 QRコード決済不可,"35.69396283868614,139.698017684561",03-5937-4562,東京都新宿区西新宿7-10-10 B1F,380,yakitori
,熊の焼鳥 中目黒,中目黒駅 319m , 焼き鳥、鳥料理、日本料理,【中目黒駅から徒歩5分！】扉の先に広がる、職人による焼鳥ライブ空間,"￥8,000～￥9,999","￥8,000～￥9,999",3.66,,https://tabelog.com/tokyo/A1317/A131701/13250657/,完全予約制,"※キャンセルポリシーに関しましては、コース料金を下記の基準のもと、ご請求させて頂きます。・ご予約日の前日：50％・ご予約日の当日：100％※現在、コース6,600円。",中目黒駅より徒歩5分 中目黒駅から319m,18:00 - 22:30,■ 営業時間最終入店20:30入り口に暗証番号が必要となりますので、ご予約の際は暗証番号をお尋ねください。■ 定休日不定休,カード可 電子マネー不可 QRコード決済不可,"35.64193653871884,139.69690558403624",070-1324-9696,東京都目黒区上目黒2-44-24 COMS中目黒1 2F,329,yakitori
食べログ 焼き鳥 EAST 百名店 2024 選出店,鳥よし 赤坂店,赤坂見附駅 108m , 焼き鳥、居酒屋,,"￥10,000～￥14,999","￥10,000～￥14,999",3.66,日曜日,https://tabelog.com/tokyo/A1308/A130801/13045421/,予約可,,地下鉄赤坂見附駅 徒歩1分／地下鉄千代田線赤坂駅 徒歩5分 赤坂見附駅から108m,16:30 - 22:00L.O. 21:30,【定休日】日曜日、第２・第４月曜日,カード可 （VISA、Master、JCB、AMEX、Diners） 電子マネー可,"35.67611923870965,139.73625208435394",03-5549-9090,東京都港区赤坂3-20-3 ,254,yakitori
,やきとり 児玉,三軒茶屋駅 741m , 焼き鳥、日本料理、ラーメン,,"￥8,000～￥9,999","￥8,000～￥9,999",3.66,,https://tabelog.com/tokyo/A1317/A131705/13221655/,予約可,【オートリザーブでのご予約は一切受け付けておりませんので、ご遠慮下さい】　ご予約のお電話は13:00〜18:00でお願いします。　ご予約の際は、希望日・時間・人数・コースorアラカルトをお決めの上お電話下さい】　土曜日祝日は18時〜、18時30〜の2時間制とさせて頂いております。　それ以降のお時間希望は当日お電話でご確認下さい。,東急田園都市線「三軒茶屋駅」南口Aから徒歩13分東急田園都市線「池尻大橋駅」南口から徒歩15分自衛隊中央病院入口バス停から徒歩2分三宿バス停から徒歩3分 三軒茶屋駅から741m,18:00 - 23:00L.O. 料理22:00 ドリンク22:30,■ 営業時間土曜日祝日は18時〜、18時30〜の2時間制とさせて頂いております。それ以降のお時間希望は当日お電話でご確認下さい。テイクアウト受け渡し・前日までの予約制18:30〜21:00（会計は現金のみでお願い致します。当日の対応も可能。お問い合わせ下さい）■ 定休日毎週日曜日、第二月曜日、第二火曜日。,カード可 （VISA、Master、JCB、AMEX、Diners） 電子マネー不可 QRコード決済不可,"35.64448663871172,139.67963198407412",03-5787-8606,東京都世田谷区池尻1-11-12 パレ・ド・ジュネス 2F A,130,yakitori
,世良田,麻布十番駅 104m , 焼き鳥,,"￥20,000～￥29,999","￥20,000～￥29,999",3.66,日曜日、祝日,https://tabelog.com/tokyo/A1307/A130702/13012994/,完全予約制,完全紹介制のため紹介者のいない方は予約できません,麻布十番駅から104m,18:00 - 21:30,■ 定休日第３月曜,カード可 （JCB、AMEX、Diners） 電子マネー不可 QRコード決済不可,"35.65630913872182,139.7349117841548",03-3405-2882,東京都港区麻布十番1-7-7 はせべやビル 5F,129,yakitori
,鳥かど,目黒駅 111m , 焼き鳥,焼鳥の聖地【目黒 鳥しき】鳥しき一門総帥 池川の弟子達が焼き場に立つ池川道場店舗,"￥10,000～￥14,999","￥10,000～￥14,999",3.66,-,https://tabelog.com/tokyo/A1316/A131601/13281215/,完全予約制,・完全予約制となっております。・ご予約はInstagramよりWEB予約をお願い致します。,目黒駅から徒歩2分JR目黒駅東口(バスのロータリーがある)を出て「すき家」の右横を通り、「マクドナルド」を越えて道なりに進んで左折します。左折して10メートルほど進むと、1Ｆが薬局（高木薬局）のビルとファミリーマートの間の路地を入ったところ。 目黒駅から111m,,,カード可 （VISA、Master、JCB、AMEX、Diners） 電子マネー可 （交通系電子マネー（Suicaなど）、iD、QUICPay） QRコード決済可,"35.63426493873006,139.71690178394476",非公開,東京都品川区上大崎2-14-12 ,54,yakitori
,三政,新橋駅 193m , 焼き鳥、もつ焼き,,"￥5,000～￥5,999","￥5,000～￥5,999",3.65,日曜日、祝日,https://tabelog.com/tokyo/A1301/A130103/13001520/,予約可,,ＪＲ山手線・京浜東北線【新橋駅】烏森口　徒歩２分都営地下鉄浅草線【新橋駅】徒歩３分東京メトロ銀座線【新橋駅】徒歩４分 新橋駅から193m,,,カード不可 電子マネー不可 QRコード決済不可,"35.66482803872354,139.75734668422513",03-3434-7007,東京都港区新橋3-19-6 新陽ビルディング 1F,528,yakitori
,バードコート,北千住駅 281m , 焼き鳥、鳥料理,,"￥10,000～￥14,999","￥10,000～￥14,999",3.65,月曜日、日曜日,https://tabelog.com/tokyo/A1324/A132402/13003769/,予約可,,北千住駅西口から、国道4号線方面に向かいます。左手にTUTAYAがある交差点を右に曲がります。サンロード商店街150mほどまっすぐの右手です。 北千住駅から281m,,,カード可 （VISA、Master、JCB、AMEX、Diners）,"35.7513885386832,139.8033331850672",03-3881-8818,東京都足立区千住3-68 鹿明ビル 1F,435,yakitori
,YAKITORI 燃 本店,六本木駅 286m , 焼き鳥、鳥料理,,"￥6,000～￥7,999","￥6,000～￥7,999",3.65,日曜日、祝日,https://tabelog.com/tokyo/A1307/A130701/13004437/,予約可,※現在ご予約のお時間から２時間制です。※ご予約頂いた時間からご連絡の無く15分経過した時は当方よりキャンセルさせていただきます。,東京メトロ日比谷線／都営大江戸線/六本木駅5番出口徒歩5分 六本木駅から286m,18:00 - 03:00L.O. 02:00,■ 営業時間『燃es』とは異なる店舗です。［土］不定期店休有【９月土曜営業日】７日(土)・２１日(土) １８：００〜２３：３０（L.O２２：３０）【9月お休み】１日(日)・８日(日)・１４日(土)・１５日(日)・１６日(月)・２２日(日)・２３日(月)・２８日(土)・２９日(日),カード可 （VISA、Master、JCB、AMEX、Diners） 電子マネー不可 QRコード決済不可,"35.66318323871726,139.73432828422466",03-5414-1141,東京都港区六本木3-8-12 ＴＳビル 1F,323,yakitori
食べログ 焼き鳥 EAST 百名店 2024 選出店,鳥はな  ,新宿三丁目駅 399m , 焼き鳥,,"￥5,000～￥5,999","￥5,000～￥5,999",3.65,土曜日、日曜日,https://tabelog.com/tokyo/A1304/A130401/13058653/,予約不可,,地下鉄新宿三丁目駅E1出口から花園神社を左に見て数分歩いた道沿い 新宿三丁目駅から399m,,,カード不可 電子マネー不可 QRコード決済不可,"35.69422638232687,139.70651423941842",03-3232-0947,東京都新宿区新宿5丁目18-18 ,250,yakitori
,鳥福,渋谷駅 194m , 焼き鳥,,"￥6,000～￥7,999","￥6,000～￥7,999",3.65,日曜日、祝日,https://tabelog.com/tokyo/A1303/A130301/13002121/,予約可,問い合わせ可能時間11:00〜21:00【テイクアウトの電話注文可能】内容の指定、お任せどちらでも可,JR渋谷駅ハチ公口 徒歩3分メトロ渋谷駅A7-1出口　徒歩2分A7-2出口　徒歩2分A12 出口　徒歩2分B2出口　徒歩2分B3出口　徒歩3分B7出口　徒歩3分タクシーの場合【宮益坂下  ビックカメラ前 下車】が近い 渋谷駅から194m,16:00 - 21:00,【土曜のみ、事前予約の入れ替え2部制】1部　16:00〜17:502部　18:00〜20:00毎月第3土曜は定休日12月・1月は第3土曜も営業年末年始12/29(日)〜1/6(月)は、休業,カード不可 電子マネー不可 QRコード決済不可,"35.660037538708835,139.70156848421584",03-3499-4978,東京都渋谷区渋谷1-25-10 のんべい横丁,129,yakitori
,とり澤 六本木,六本木駅 322m , 焼き鳥,当日席ご用意御座います。,"￥8,000～￥9,999","￥8,000～￥9,999",3.65,日曜日、祝日,https://tabelog.com/tokyo/A1307/A130701/13277047/,予約可,,・都営地下鉄大江戸線「六本木駅」・東京メトロ日比谷線「六本木駅」　6出口から徒歩5分 六本木駅から322m,17:30 - 23:00,■ 営業時間第一部：17:30〜20:00 ※18:00頃までにご入店ください第二部：20:30〜23:00,カード可 （VISA、Master、JCB、AMEX、Diners） 電子マネー不可 QRコード決済不可,"35.66440963871641,139.7341013842372",03-6455-4994,東京都港区六本木4-1-19 ARUGA19ビル 1F,104,yakitori
,とり吾,中目黒駅 313m , 焼き鳥,,"￥8,000～￥9,999","￥8,000～￥9,999",3.65,月曜日,https://tabelog.com/tokyo/A1317/A131701/13294983/,予約可,Tablecheckより承っております,中目黒駅徒歩5分 中目黒駅から313m,,,カード可 （VISA、Master、JCB、AMEX、Diners） 電子マネー不可 QRコード決済不可,"35.645804434397924,139.6960531709772",090-1733-4129,東京都目黒区上目黒3-16-4 ,61,yakitori
,庭つ鶏,五反田駅 217m , 鳥料理、焼き鳥、居酒屋,,"￥4,000～￥4,999","￥4,000～￥4,999",3.63,日曜日、祝日,https://tabelog.com/tokyo/A1316/A131603/13020732/,予約可,ご予約のお時間に１０分以上遅れる場合は必ずご一報ください。お時間内にご連絡無き場合は予約をキャンセルとさせていただきます。ご了承ください。お支払いは現金のみです。,JR・都営浅草線　五反田駅より徒歩３分東急池上線　五反田駅より徒歩５分 五反田駅から217m,17:00 - 21:15L.O. 料理20:30,■ 営業時間※鶏の状況次第でラストオーダーが早まる場合もございます。月～金曜日は２０才以上の方のみのご予約です。土曜日は年齢制限無しでご予約頂けます。お支払いは現金のみです。,カード不可 電子マネー不可 QRコード決済不可,"35.62647663873644,139.721359883863",03-3492-2818,東京都品川区西五反田2-18-3 ,597,yakitori
,鬼亭,渋谷駅 352m , 鳥料理、焼き鳥、焼肉,,"￥8,000～￥9,999","￥8,000～￥9,999",3.63,土曜日、日曜日、祝日,https://tabelog.com/tokyo/A1303/A130301/13003491/,予約可,,JR渋谷駅より徒歩5分 渋谷駅から352m,18:00 - 22:00,■ 営業時間※日により変動あり,カード不可 電子マネー不可 QRコード決済不可,"35.66041603870948,139.70436438421768",03-3797-1002,東京都渋谷区渋谷1-9-4 ,449,yakitori
,喜美松,浅草（つくばＥＸＰ）駅 607m , 牛料理、焼き鳥、居酒屋,,"￥4,000～￥4,999","￥4,000～￥4,999",3.63,土曜日、日曜日、祝日,https://tabelog.com/tokyo/A1311/A131102/13023840/,予約可,,TX「浅草駅」より徒歩7～8分都営浅草線・東京メトロ銀座線・東武伊勢崎線「浅草駅」より徒歩15分程度 浅草駅（つくばＥＸＰ）から607m,,,カード可 （VISA、Master、JCB、AMEX） 電子マネー不可 QRコード決済可 （PayPay、d払い、au PAY）,"35.718949938701314,139.79546748474505",03-3874-5471,東京都台東区浅草4-38-2 ,290,yakitori
,鳥光,牛込神楽坂駅 276m , 焼き鳥、日本料理,,"￥10,000～￥14,999","￥10,000～￥14,999",3.63,-,https://tabelog.com/tokyo/A1309/A130905/13277212/,予約可,,都営大江戸線【牛込神楽坂駅】#A1~4min①#Ａ1出口右150m進む②『牛込北町』を左折③150m先(2分)左側メトロ南北線/有楽町線【市ヶ谷駅】#5出口~8min①#5番出口飯田橋方面へ進む(セブンイレブン方面)②『市ヶ谷田町』交差点左折③道なり800m(約8分)右側メトロ東西線【神楽坂駅】#2出口~8min①#2出口『牛込中央通り』道なり700m(約10分)左側 牛込神楽坂駅から276m,17:00 - 22:00,▪️不定休最新情報はInstagram《torimitsu_tokyo》にupします。■ 営業時間17:00-22:00,カード可 電子マネー不可 QRコード決済不可,"35.69812346249689,139.73403534039747",03-5227-3130,東京都新宿区納戸町11 第2長森ビル,53,yakitori
,新まき,赤羽橋駅 85m , 焼き鳥、日本料理、イノベーティブ,【赤羽橋駅1分】美食家が集う店◆気品溢れる和空間で愉しむ自慢の焼き鳥と四季折々の日本料理,"￥15,000～￥19,999","￥15,000～￥19,999",3.63,日曜日,https://tabelog.com/tokyo/A1314/A131401/13296718/,完全予約制,,赤羽橋駅から徒歩1分 赤羽橋駅から85m,17:00 - 23:00,■定休日日曜以外にも不定休でお休みいただくことがございます,カード可 電子マネー不可 QRコード決済不可,"35.655692073444776,139.7443370141105",未開通,東京都港区東麻布1-24-6 麻布ハイツ 103,47,yakitori
,遊,飯田橋駅 362m , 焼き鳥,,"￥6,000～￥7,999","￥6,000～￥7,999",3.62,,https://tabelog.com/tokyo/A1309/A130905/13162562/,予約可,,ＪＲ飯田橋駅東口から４分地下鉄飯田橋駅Ａ４出口から４分目白通り「飯田橋二丁目」交差点からすぐ 飯田橋駅から362m,17:00 - 23:00L.O. 料理22:00 ドリンク22:30,■ 定休日土曜日不定休■営業時間早仕舞いの可能性有り,カード不可 電子マネー不可 QRコード決済不可,"35.69974363869838,139.74796288458435",03-3221-1344,東京都千代田区飯田橋1-9-5 SKBビル B1F,287,yakitori
,鳥与志,虎ノ門駅 117m , 焼き鳥、丼,,"￥5,000～￥5,999","￥5,000～￥5,999",3.61,土曜日、日曜日、祝日,https://tabelog.com/tokyo/A1308/A130802/13002903/,予約可,ディナータイムお電話のみの予約となります。（ランチタイム予約不可）お客さまとお席のご相談、確認をしながらの予約ですのでコンピューターの予約代行による予約はお断りしています。ご予約のキャンセル、人数の変更があった場合、分かり次第お電話を必ずお願いします。予約時はランチタイムを避けてのお電話をお願い致します。,東京メトロ虎ノ門駅から徒歩約4分 虎ノ門駅から117m,11:15 - 14:00,■ 営業時間年末年始の営業12/29 金曜日　ランチまで営業12/29ディナータイムより1／8まで休み1/9 火曜　より通常営業致します,カード可 （VISA、Master、JCB、AMEX、Diners） 電子マネー不可 QRコード決済不可,"35.67015153871825,139.7513325842831",03-3593-3545,東京都港区虎ノ門1-1-11 マスダビル　１Ｆ,915,yakitori
