awards,name,station,genre,pr,dinner_budget,lunch_budget,rating,holiday,url,reserve_status,reserve_method,transportation,opening_time,extra_holiday_info,payment_methods,geo_coordinates,telephone,address,num_review,visited,latitude,longitude
The Tabelog Award 2024 Gold 受賞店,日本橋蛎殻町 すぎた,水天宮前駅 101m , 寿司,江戸前の真髄をいまに伝える握り。進化し続ける職人技と細やかな気配りで魅せる正統派江戸前鮨。,"￥40,000～￥49,999","￥40,000～￥49,999",4.68,-,https://tabelog.com/tokyo/A1302/A130204/13018162/,完全予約制,,水天宮前駅4番出口から徒歩約2分 水天宮前駅から101m,,,カード可 （VISA、Master、JCB、AMEX、Diners） 電子マネー不可 QRコード決済不可,"35.68192953872146,139.78492058437854",03-3669-3855,東京都中央区日本橋蛎殻町1-33-6 ビューハイツ日本橋 B1F ,822,False,35.68192953872146,139.78492058437854
The Tabelog Award 2024 Gold 受賞店,東麻布 天本,赤羽橋駅 259m , 寿司,名店の魂を継承し、極上の魚に技巧を尽くす現代江戸前鮨の未来,"￥40,000～￥49,999","￥40,000～￥49,999",4.61,水曜日、日曜日,https://tabelog.com/tokyo/A1314/A131401/13196420/,完全予約制,※ご予約はウェブサイトからのみ受付けます。ご来店時やお電話・メールなどその他の方法によるお問い合わせは一切受け付けておりません。,都営大江戸線 赤羽橋駅 徒歩4分 東京メトロ日比谷線 神谷町駅 徒歩10分 赤羽橋駅から259m,,,カード可 （VISA、Master、AMEX、Diners） 電子マネー不可 QRコード決済不可,"35.65730923872389,139.7434470841589",不明の為情報お待ちしております,東京都港区東麻布1-7-9 ザ・ソノビル 102,531,False,35.65730923872389,139.7434470841589
The Tabelog Award 2024 Gold 受賞店,鮨 あらい,銀座駅 443m , 寿司,"久兵衛、すし匠を経て弱冠33歳で独立。""握り""にこだわった新しい世代の銀座寿司","￥50,000～￥59,999","￥50,000～￥59,999",4.6,水曜日,https://tabelog.com/tokyo/A1301/A130101/13188186/,予約可,,東京メトロ「銀座駅」A5出口から徒歩5～6分 銀座駅から443m,,,カード可 （JCB、AMEX、Diners） 電子マネー不可 QRコード決済不可,"35.668071938723195,139.76271398425413",03-6264-5855,東京都中央区銀座8-10-2 ルアンビル B1F 2F,810,False,35.668071938723195,139.76271398425413
The Tabelog Award 2024 Gold 受賞店,鮨 さいとう,六本木一丁目駅 74m , 寿司,美しく丁寧な所作と情熱が織り成す、珠玉の握り。世界が認めた鮨のたおやかなる余韻に浸る。,"￥30,000～￥39,999","￥30,000～￥39,999",4.59,日曜日、祝日,https://tabelog.com/tokyo/A1308/A130802/13015251/,完全予約制,新規の電話ご予約は受け付けておりません。予約サイト「食オク」にて限定でご予約を承ります。,溜池山王駅徒歩5分虎ノ門駅徒歩8分 六本木一丁目駅から74m,12:00 - 14:00,■ 定休日但し、連休にならない祝日は除く,カード可 （VISA、JCB、AMEX、Diners） 電子マネー不可 QRコード決済不可,"35.665376438717544,139.7395882842431",03-3589-4412,東京都港区六本木1-4-5 アークヒルズサウスタワー 1Ｆ,1130,False,35.665376438717544,139.7395882842431
The Tabelog Award 2024 Gold 受賞店,鮨 なんば 日比谷,日比谷駅 94m , 寿司,舎利と種の温度を1℃単位で変える。飽くなき探究心に圧倒される、美味を極めた究極の一貫。,"￥50,000～￥59,999","￥50,000～￥59,999",4.56,-,https://tabelog.com/tokyo/A1301/A130102/13219857/,完全予約制,新規のご予約は予約サイト「食オク」にて承ります。,日比谷駅から94m,,,カード可 電子マネー不可 QRコード決済不可,"35.67417923871825,139.75938558431815",03-6273-3334,東京都千代田区有楽町1-1-2 東京ミッドタウン日比谷 3F,779,False,35.67417923871825,139.75938558431815
The Tabelog Award 2024 Gold 受賞店,三谷,四ツ谷駅 333m , 寿司,,"￥40,000～￥49,999","￥40,000～￥49,999",4.55,月曜日、火曜日,https://tabelog.com/tokyo/A1309/A130902/13042204/,完全予約制,完全予約制(予約には紹介者が必要),ＪＲ中央線【四ツ谷駅】徒歩４分東京メトロ丸ノ内線・南北線【四ツ谷駅】徒歩５分 四ツ谷駅から333m,18:00 - 22:30L.O. 22:00,■ 営業時間ランチ営業なし,カード可 （VISA、Master、JCB、AMEX、Diners） 電子マネー不可 QRコード決済不可,"35.68753553869972,139.72787208447514",03-5366-0132,東京都新宿区四谷1-22-1 ,297,False,35.68753553869972,139.72787208447514
The Tabelog Award 2024 Silver 受賞店,さわ田,銀座駅 186m , 寿司,,"￥50,000～￥59,999","￥50,000～￥59,999",4.54,月曜日、木曜日、日曜日,https://tabelog.com/tokyo/A1301/A130101/13001043/,完全予約制,,東京メトロ「銀座駅」A5出口より徒歩1分（東銀座駅からも至近） 銀座駅から186m,,,カード可 （VISA、Master、JCB、AMEX、Diners） 電子マネー不可 QRコード決済不可,"35.67046213872248,139.7652437842765",03-3571-4711,東京都中央区銀座5-9-19 ＭＣビル3Ｆ,521,False,35.67046213872248,139.7652437842765
The Tabelog Award 2024 Silver 受賞店,鮨 尚充,中目黒駅 487m , 寿司,至上のうに握りを食べ比べ。圧巻のパフォーマンスでうにラヴァーを魅了する、中目黒の名店,"￥50,000～￥59,999","￥50,000～￥59,999",4.5,日曜日,https://tabelog.com/tokyo/A1317/A131701/13128483/,予約可,,東急東横線、地下鉄日比谷線、中目黒駅下車。徒歩１０分 中目黒駅から487m,18:00 - 00:00,■ 定休日日曜日（月曜日が祝日の場合は休業）,カード可 （JCB、AMEX） 電子マネー不可 QRコード決済不可,"35.647416538714815,139.6952084840928",03-3712-6999,東京都目黒区青葉台1-28-2 EXA 1F,604,False,35.647416538714815,139.6952084840928
The Tabelog Award 2024 Silver 受賞店,島津,白金高輪駅 56m , 寿司,,"￥40,000～￥49,999","￥40,000～￥49,999",4.5,月曜日、日曜日,https://tabelog.com/tokyo/A1316/A131602/13252991/,完全予約制,,白金高輪駅3番出口　徒歩2分 白金高輪駅から56m,18:00 - 22:45,■ 営業時間［火・水・木・金・土］第一部18:00～20:15第二部20:30～22:45,カード可 （VISA、Master、JCB、AMEX、Diners） 電子マネー不可 QRコード決済不可,"35.64316633872975,139.73363878402293",不明の為情報お待ちしております,東京都港区白金1-29-13 白金ヴィレッジ 1F,399,False,35.64316633872975,139.73363878402293
The Tabelog Award 2024 Silver 受賞店,すし匠,四ツ谷駅 192m , 寿司,進化を続ける、すし匠の江戸前鮨。熟成と研ぎ澄まされた技が輝く究極の味を堪能する。,"￥40,000～￥49,999","￥40,000～￥49,999",4.43,日曜日,https://tabelog.com/tokyo/A1309/A130902/13000852/,予約可,毎月１日に翌月の予約受付開始,ＪＲ中央線、東京メトロ丸ノ内線・南北線【四ツ谷駅】徒歩4分 四ツ谷駅から192m,11:30 - 13:30,■ 定休日祝日の月曜、GW、年末年始,カード可 （VISA、JCB、AMEX、Diners）,"35.68557683870112,139.72831898445503",03-3351-6387,東京都新宿区四谷1-11 陽臨堂ビル　１Ｆ,1002,False,35.68557683870112,139.72831898445503
The Tabelog Award 2024 Silver 受賞店,鮨 はしもと,新富町駅 277m , 寿司,,"￥30,000～￥39,999","￥30,000～￥39,999",4.41,火曜日、水曜日,https://tabelog.com/tokyo/A1313/A131301/13238306/,完全予約制,予約はOMAKASEから,東京メトロ有楽町線・新富町駅より徒歩4分東京メトロ日比谷線・八丁堀駅より徒歩5分 新富町駅から277m,12:00 - 14:00,■ 営業時間※完全予約制,カード可 （VISA、Master、JCB、AMEX、Diners） 電子マネー不可 QRコード決済不可,"35.67292973872384,139.77446918429496",03-5541-5578,東京都中央区新富1-8-2 grandir ginza east 1F,519,False,35.67292973872384,139.77446918429496
The Tabelog Award 2024 Silver 受賞店,すし 良月,広尾駅 731m , 寿司,次世代の江戸前寿司を牽引する、豊かな発想力と緻密な手仕事。,"￥40,000～￥49,999","￥40,000～￥49,999",4.35,月曜日、日曜日,https://tabelog.com/tokyo/A1303/A130302/13241432/,予約可,ご予約は予約専用サイトからも承っております。・香水、柔軟剤等香りの強い方は入店をお断りさせて頂いております。・ご予約のお時間に一斉スタートとなります。万が一、遅刻・途中退店される場合、コースの一部をお出しできない可能性もございます。,広尾駅・恵比寿駅・白金高輪駅　徒歩10～12分 広尾駅から731m,12:00 - 14:30,■ 定休日日曜日、月曜日を中心にした不定休（臨時でお休み頂く場合がございます）,カード可 （VISA、Master、JCB、AMEX、Diners） 電子マネー不可 QRコード決済不可,"35.64528403872478,139.7222325840523",050-3390-0121,東京都渋谷区恵比寿2-37-8 グランデュオ広尾 1F,272,False,35.64528403872478,139.7222325840523
The Tabelog Award 2024 Bronze 受賞店,千葉たかおか,東京駅 233m , 寿司,,"￥30,000～￥39,999","￥30,000～￥39,999",4.35,月曜日、木曜日,https://tabelog.com/tokyo/A1302/A130201/13282854/,完全予約制,,東京駅から233m,17:00 - 23:00,■ 定休日不定休,カード可 （AMEX） 電子マネー不可 QRコード決済不可,"35.67941050470188,139.76893251630807",080-9712-5544,東京都中央区八重洲2-2-1 東京ミッドタウン八重洲 3F,137,False,35.67941050470188,139.76893251630807
The Tabelog Award 2024 Silver 受賞店,鮨 龍次郎,外苑前駅 317m , 寿司,名人から受け継ぐ確かな技と心意気。入魂の鮪の鮨一貫から始まる魅惑のコース。,"￥30,000～￥39,999","￥30,000～￥39,999",4.33,日曜日、祝日,https://tabelog.com/tokyo/A1306/A130603/13240787/,予約可,完全予約制⚠︎現在お電話でのご予約は控えさせて頂いております。通常のご予約はOMAKASE限定席は食オクからのご予約となります。,東京メトロ銀座線　　青山一丁目駅 徒歩5分                              外苑前駅　    徒歩徒歩4分東京メトロ半蔵門線　青山一丁目駅 徒歩5分 外苑前駅から317m,18:00 - 23:30,■ 営業時間12時、18時、20時30 に一斉スタートの3回転制。,カード可 （VISA、Master、JCB、AMEX、Diners） 電子マネー不可 QRコード決済不可,"35.67130519976331,139.72109352838746",03-6384-5865,東京都港区南青山2-11-11 ARISTO南青山 1F,677,False,35.67130519976331,139.72109352838746
The Tabelog Award 2024 Bronze 受賞店,青空,新橋駅 326m , 寿司,名店で研鑽を積んだ職人による、江戸前握りの真骨頂。,"￥60,000～￥79,999","￥60,000～￥79,999",4.33,日曜日、祝日,https://tabelog.com/tokyo/A1301/A130103/13032283/,予約可,,銀座駅徒歩8分。新橋駅徒歩5分。 新橋駅から326m,17:00 - 00:00,■ 営業時間22:00前の来店まで,カード可 （VISA、Master、JCB、AMEX、Diners） 電子マネー不可 QRコード決済可 （d払い）,"35.669227738721354,139.75924868426824",03-3573-1144,東京都中央区銀座8-3-1 銀座時傳ビル 6F,381,False,35.669227738721354,139.75924868426824
The Tabelog Award 2024 Bronze 受賞店,鮨 鈴木,銀座駅 210m , 寿司,凛とした和空間で極上の一貫を。繊細且つ洗練を極めた正統派の江戸前握りを享受する,-,-,4.31,月曜日,https://tabelog.com/tokyo/A1301/A130101/13184367/,,,有楽町駅、新橋駅、銀座駅銀座駅B9出口（ソニービル入口）から徒歩3分 銀座駅から210m,,,カード可 （VISA、Master、JCB、AMEX、Diners） 電子マネー不可 QRコード決済不可,"35.67108649420606,139.76205541435445",,東京都中央区銀座6-5-15 銀座能楽堂ビル 5F,399,False,35.67108649420606,139.76205541435445
The Tabelog Award 2024 Bronze 受賞店,波濤,牛込神楽坂駅 403m , 寿司,ミシュラン星付き「神楽坂 石かわ」が繰り出す、日本料理と江戸前鮨の融合。,"￥50,000～￥59,999","￥50,000～￥59,999",4.31,-,https://tabelog.com/tokyo/A1309/A130905/13245540/,予約可,ご予約は予約専用サイトからも承っております。,都営大江戸線　 牛込神楽坂駅A3出口　徒歩４分東京メトロ　有楽町線、南北線、東西線 飯田橋駅B３出口　徒歩５分 牛込神楽坂駅から403m,,,カード可 （VISA、Master、JCB、AMEX、Diners） 電子マネー不可 QRコード決済不可,"35.702185638693926,139.7388556846154",050-3138-5225,東京都新宿区神楽坂5-7 ,263,True,35.702185638693926,139.7388556846154
The Tabelog Award 2024 Silver 受賞店,鮨 しゅん輔 阿佐ヶ谷,阿佐ケ谷駅 168m , 寿司,予約困難な名店の柱は、若き大将の心の握り。酒肴に酔い、鮨に酔う、職人の粋に痺れるひと時,"￥20,000～￥29,999","￥20,000～￥29,999",4.3,日曜日,https://tabelog.com/tokyo/A1319/A131905/13127515/,予約可,【注意事項】キャンセルポリシー：前日100%、当日100%月初にキャンセル分を受付。HPの所からオンライン予約が出来るみたいですね。,阿佐ヶ谷駅徒歩２～３分■南口を出て、交番の横を通り細い道をまっすぐ突き当たりまで進みます。■右手にスマイルホテルがあるので、そこを右に曲がります。■すぐに左へ行く道があるので、左に曲がりまっすぐ30mほど進みます。（左へ行く道が二つあるので、手前側を曲がって下さいね）■右手に鮨しゅん輔があります。 阿佐ケ谷駅から168m,18:00 - 00:00,■ 営業時間(二部制)前半 18:00～20:50後半 21:00～24:00■ 定休日不定期で月曜日,カード可 （VISA、Master、JCB、AMEX、Diners） 電子マネー不可 QRコード決済不可,"35.70449103865903,139.63391198471228",03-3391-3118,東京都杉並区阿佐谷南3-44-4 B1F ,558,True,35.70449103865903,139.63391198471228
The Tabelog Award 2024 Bronze 受賞店,鮨 はしぐち,赤坂見附駅 456m , 寿司,,"￥50,000～￥59,999","￥50,000～￥59,999",4.29,日曜日、祝日,https://tabelog.com/tokyo/A1308/A130801/13134517/,予約可,,赤坂見附駅（B出口）より徒歩7分程度。 赤坂見附駅から456m,,,カード可 （VISA、Master、JCB、AMEX、Diners） 電子マネー不可 QRコード決済不可,"35.67761903870744,139.73231008437187",03-3478-3588,東京都港区元赤坂1-5-20 ロイヤル赤坂サルーン1F,237,False,35.67761903870744,139.73231008437187
The Tabelog Award 2024 Bronze 受賞店,すし匠 齋藤,赤坂見附駅 160m , 寿司,交互に供されるつまみと握り。その緩急に齋藤氏の感性が交錯する、ネオスタンダードな江戸前寿司,"￥60,000～￥79,999","￥60,000～￥79,999",4.28,月曜日,https://tabelog.com/tokyo/A1308/A130801/13023988/,予約可,,東京メトロ銀座線・丸ノ内線【赤坂見附駅】徒歩３分東京メトロ半蔵門線【永田町駅】徒歩５分東京メトロ南北線【永田町駅】徒歩６分東京メトロ有楽町線【永田町駅】徒歩８分東京メトロ千代田線【赤坂駅】徒歩６分 赤坂見附駅から160m,17:30 - 20:00,■ 定休日第2・第4日曜日,カード可 （VISA、JCB、AMEX、Diners） 電子マネー不可 QRコード決済可 （d払い）,"35.67608663870947,139.73561008435408",03-3505-6380,東京都港区赤坂4-2-2 赤坂DNプラザビル 2F,412,False,35.67608663870947,139.73561008435408
The Tabelog Award 2024 Bronze 受賞店,鮨処 やまと,築地駅 101m , 寿司,銘店のDNAを引き継ぐ未来の名店。衒いなく実直な鮨が美しく美味。,"￥20,000～￥29,999","￥20,000～￥29,999",4.28,-,https://tabelog.com/tokyo/A1313/A131301/13262384/,完全予約制,予約 お電話にて毎月第一営業日の10時より翌月分までをお受けしてます。,東京メトロ日比谷線築地駅から徒歩3分 築地駅から101m,,,カード可 （VISA、Master） 電子マネー不可 QRコード決済不可,"35.6679167387268,139.77374988424484",03-3543-6311,東京都中央区築地3-7-2 第五銀座ウェスト築地ビル 1F,378,False,35.6679167387268,139.77374988424484
The Tabelog Award 2024 Bronze 受賞店,匠 進吾,青山一丁目駅 168m , 寿司,握りとつまみがテンポよく織りなす、緩急自在の味わい。すし匠の系譜を継ぐ正統派江戸前鮨,"￥30,000～￥39,999","￥30,000～￥39,999",4.27,火曜日、水曜日,https://tabelog.com/tokyo/A1306/A130603/13155925/,完全予約制,現在、お電話でのご予約をお断りしております。大変ご迷惑おかけいたします。,東京メトロ銀座線・半蔵門線、都営地下鉄大江戸線【青山一丁目駅】徒歩２分 青山一丁目駅から168m,17:00 - 22:30,■ 営業時間17:00〜19:30（一部）20:00〜22:30（二部）,カード可 （VISA、JCB、AMEX、Diners） 電子マネー不可 QRコード決済不可,"35.67134573870875,139.7238779843144",050-3650-0074,東京都港区南青山2-2-15 ウィン青山 1F,295,False,35.67134573870875,139.7238779843144
The Tabelog Award 2024 Bronze 受賞店,鮨 みずかみ ,半蔵門駅 309m , 寿司,ネタの風味が映える鮨。磨き抜かれた職人技と魚介が生みだす鮮やかな味わい。,"￥40,000～￥49,999","￥40,000～￥49,999",4.27,水曜日,https://tabelog.com/tokyo/A1308/A130803/13220742/,予約可,,半蔵門駅から309m,,,カード可 （VISA、JCB、AMEX、Diners） 電子マネー不可 QRコード決済不可,"35.68773453870452,139.74330828446634",03-3230-0326,東京都千代田区一番町3-8 大宮ビル 1F,236,True,35.68773453870452,139.74330828446634
The Tabelog Award 2024 Bronze 受賞店,新ばし しみづ,新橋駅 169m , 寿司,,"￥20,000～￥29,999","￥20,000～￥29,999",4.26,-,https://tabelog.com/tokyo/A1301/A130103/13002892/,予約可,港区新橋2-15-13より移転】※予約受付は予約サイトomakaseより一週間前の同じ曜日の12時から開放。※予約の際、常識ですが香水と禁煙を確認されます。※携帯電話での通話禁止,新橋駅・烏森口より徒歩3分。烏森口より新橋ビルを右手に直進。右手の細い烏森神社参道に入り、まもなく左の脇道に入ったところの左手。（旧店舗の向かい側） 新橋駅から169m,,,カード可 （VISA、Master、AMEX） 電子マネー不可 QRコード決済不可,"35.66646013872219,139.75637318424228",03-3591-5763,東京都港区新橋2-15-10 ,620,False,35.66646013872219,139.75637318424228
The Tabelog Award 2024 Bronze 受賞店,すが弥,赤羽橋駅 135m , 寿司,握りを嗜むお任せコース。心地よい緊張感の中、経験に裏打ちされた究極の一貫に舌鼓を鳴らす。,"￥60,000～￥79,999","￥60,000～￥79,999",4.25,水曜日,https://tabelog.com/tokyo/A1314/A131401/13228776/,完全予約制,※一斉スタートの為、遅れてご到着の場合一部お料理がお出しできない場合が御座いますのでお気をつけ下さい。※キャンセルポリシー予約時以降キャンセル10%31日前からキャンセル50%7日前からキャンセル100%※大変恐縮ではございますが、ご理解ご協力くださいますようお願い申し上げます。,都営大江戸線　赤羽橋駅（中之橋出口）より徒歩2分東京メトロ　麻布十番駅（３番出口）より徒歩7分都営三田線　芝公園駅（A4出口）より徒歩10分 赤羽橋駅から135m,18:00 - 22:45,■ 営業時間［月・火・金・土］(一部)18:00〜20:00(二部)20:45～22:45［木］(一部のみ)19:00〜21:00［日・祝］(一部)16:00〜18:00(ニ部)18:45～20:45※日によって時間帯が異なりますので、恐れ入りますが店舗までお問い合わせ下さいませ。※扉はオープンと同時に開きますのでお時間までお待ちいただけますと幸いです。■ 定休日※水曜日・不定休（不定期に営業時間を変更させて頂く場合や休店日とさせて頂く場合がございます。恐れ入りますが詳細はご予約の際に店舗までお問い合わせくださいませ。）,カード可 （VISA、Master、JCB、AMEX、Diners） 電子マネー不可 QRコード決済不可,"35.655312717883255,139.74247498280818",03-6230-9545,東京都港区東麻布1-29-15 東麻布296ビル 1F,460,False,35.655312717883255,139.74247498280818
食べログ 寿司 TOKYO 百名店 2022 選出店,すし 喜邑,二子玉川駅 530m , 寿司,すし㐂邑より営業についてのお知らせ,"￥30,000～￥39,999","￥30,000～￥39,999",4.21,-,https://tabelog.com/tokyo/A1317/A131708/13026584/,完全予約制,※ご予約はウェブサイトからのみ受付けます。その他の方法によるお問い合わせは受け付けておりませんので、ご了承ください。国内からのご予約はOMAKASEにて、海外からのご予約はTABLEALLにてのみ受付を致しております。,二子玉川駅徒歩7分 二子玉川駅から530m,,,カード可 （VISA、Master、JCB、AMEX、Diners） 電子マネー不可 QRコード決済不可,"35.61602243871219,139.62435138382534",03-3707-6355,東京都世田谷区玉川3-21-8 ,450,False,35.61602243871219,139.62435138382534
,鮨 一幸,東銀座駅 174m , 寿司,,"￥60,000～￥79,999","￥60,000～￥79,999",4.21,水曜日,https://tabelog.com/tokyo/A1301/A130101/13300481/,完全予約制,ご予約は、WebサイトOMAKASEのみ受付となります。,銀座駅 A1出口より徒歩4分東銀座駅 A1出口より徒歩2分 東銀座駅から174m,,,カード可 電子マネー不可 QRコード決済不可,"35.66950157834758,139.76547999590605",不明の為情報お待ちしております,東京都中央区銀座5-11-12 日総第26ビル 3F,38,False,35.66950157834758,139.76547999590605
,鮨しゅんじ,麻布十番駅 666m , 寿司,,"￥50,000～￥59,999","￥50,000～￥59,999",4.16,-,https://tabelog.com/tokyo/A1307/A130701/13282687/,完全予約制,※ご予約はウェブサイトからのみ受付けます。ご来店時やお電話・メールなどその他の方法によるお問い合わせは一切受け付けておりません。,東京メトロ日比谷線 六本木駅 徒歩10分麻布十番駅から 徒歩10分 麻布十番駅から666m,,,カード可 電子マネー不可 QRコード決済不可,"35.65705753871935,139.7287060841667",03-6434-5021,東京都港区元麻布3-6-34 カーム元麻布 1F,118,False,35.65705753871935,139.7287060841667
The Tabelog Award 2024 Bronze 受賞店,初音鮨,蒲田駅 363m , 寿司,渾身の技と心意気が詰まった想像を超える握り。,"￥60,000～￥79,999","￥60,000～￥79,999",4.15,-,https://tabelog.com/tokyo/A1315/A131503/13017742/,完全予約制,現金決済は出来かねます。ご了承くださいませ。,JR蒲田駅西口徒歩5分 蒲田駅から363m,,,カード可 （VISA、Master、JCB、AMEX） 電子マネー可 （交通系電子マネー（Suicaなど）、QUICPay） QRコード決済可 （PayPay、d払い、au PAY）,"35.56554263877297,139.71454578325222",03-3731-2403,東京都大田区西蒲田5-20-2 ,663,False,35.56554263877297,139.71454578325222
The Tabelog Award 2024 Bronze 受賞店,鮨 よしたけ,新橋駅 438m , 寿司,銀座 の 隠れ家で味わう,"￥50,000～￥59,999","￥50,000～￥59,999",4.14,-,https://tabelog.com/tokyo/A1301/A130101/13024076/,予約可,,新橋駅から438m,,,,"35.668916238722424,139.76197128426315",不明の為情報お待ちしております,東京都中央区銀座7-8-13 Brown Place 9F,200,False,35.668916238722424,139.76197128426315
,鮨 尚充,勝どき駅 353m , 屋形船・クルージング、寿司,,"￥60,000～￥79,999","￥60,000～￥79,999",4.13,-,https://tabelog.com/tokyo/A1313/A131302/13280325/,完全予約制,新規の電話ご予約は受け付けておりません。予約サイト「食オク」にて限定でご予約を承ります。,都営大江戸線　勝ちどき駅 A3出口より徒歩5分 勝どき駅から353m,,,カード可 （VISA、Master、JCB、AMEX、Diners） 電子マネー不可 QRコード決済不可,"35.656705797585694,139.77986771171288",不明の為情報お待ちしております,東京都中央区晴海3-1 晴海乗船場,46,False,35.656705797585694,139.77986771171288
,くろ﨑,表参道駅 396m , 寿司,,"￥60,000～￥79,999","￥60,000～￥79,999",4.12,-,https://tabelog.com/tokyo/A1306/A130602/13268824/,完全予約制,・必ずご予約者ご本人様がご来店くださいますようお願い致します。ご本人様以外の方のご来店はキャンセル扱いとさせていただきますので予めご了承ください。,東京メトロ　表参道駅から徒歩7分東京メトロ　外苑前駅から徒歩7分 表参道駅から396m,,,カード可 電子マネー不可 QRコード決済不可,"35.66600203870986,139.7167681842654",03-6455-4596,東京都港区南青山4-16-15 FPG links MINAMIAOYAMA B2F,199,False,35.66600203870986,139.7167681842654
,きよ田 離れ,銀座駅 51m , 寿司,,"￥100,000～","￥100,000～",4.12,-,https://tabelog.com/tokyo/A1301/A130101/13256392/,完全予約制,,銀座駅から51m,,,カード可 （VISA、Master、JCB、AMEX、Diners） 電子マネー不可,"35.67165453872122,139.76367048428963",不明の為情報お待ちしております,東京都中央区銀座5-5-18 銀座藤小西 9F,35,False,35.67165453872122,139.76367048428963
The Tabelog Award 2024 Bronze 受賞店,いちかわ,白金高輪駅 584m , 寿司,,"￥40,000～￥49,999","￥40,000～￥49,999",4.1,水曜日,https://tabelog.com/tokyo/A1316/A131602/13210722/,完全予約制,,地下鉄都営三田線　白金高輪駅 白金高輪駅から584m,,,カード可 （VISA、Master、AMEX） 電子マネー不可 QRコード決済不可,"35.64797403872741,139.73587858406992",不明の為情報お待ちしております,東京都港区南麻布2-10-13 OJハウス 101,232,False,35.64797403872741,139.73587858406992
,鮨 めい乃,麻布十番駅 165m , 寿司,,"￥50,000～￥59,999","￥50,000～￥59,999",4.09,-,https://tabelog.com/tokyo/A1307/A130702/13292357/,完全予約制,毎月１日の10時~15時 （１日が休業日の場合は翌営業日にて）に翌月の予約可能なお席（キャンセルがあったお席やお電話でのご予約枠）やお問い合わせを受けさせて頂きます。※ご予約のお問い合わせは基本受付日でお願い致します。仕込み等の関係で出られない時もありますので、ご了承下さい。,都営大江戸線・東京メトロ南北線「麻布十番」駅まで徒歩１分 麻布十番駅から165m,,,カード可 （VISA、Master、JCB、AMEX、Diners） 電子マネー不可 QRコード決済不可,"35.65674420887881,139.7342289412407",不明の為情報お待ちしております,東京都港区麻布十番1-6-1 THE V-CITY 麻布十番 PLACE 6F,50,False,35.65674420887881,139.7342289412407
食べログ 寿司 TOKYO 百名店 2022 選出店,鮨 さえ喜,銀座駅 265m , 寿司,,"￥40,000～￥49,999","￥40,000～￥49,999",4.08,-,https://tabelog.com/tokyo/A1301/A130101/13239506/,予約可,,銀座駅から265m,,,カード可 電子マネー不可 QRコード決済可 （d払い）,"35.671706038720416,139.76123088429188",03-3289-0818,東京都中央区銀座6-3-18 La.La.Grande GINZA 2F,191,False,35.671706038720416,139.76123088429188
食べログ 寿司 TOKYO 百名店 2022 選出店,紀尾井町 三谷,永田町駅 139m , 寿司,伝統に新たな風を吹き込み、珠玉の一貫が完成した。鮨好きとして、一度は訪れたい名店がここに,"￥60,000～￥79,999","￥60,000～￥79,999",4.07,-,https://tabelog.com/tokyo/A1308/A130801/13198197/,完全予約制,電話、又はポケットコンシェルジュ(web予約)より予約可能,東京メトロ・永田町駅９a出口から直結して紀尾井町テラスに入れます。 永田町駅から139m,,,カード可 （VISA、Master、JCB、AMEX、Diners） 電子マネー不可 QRコード決済不可,"35.679258254586586,139.73794648480026",03-6256-9566,東京都千代田区紀尾井町1-2 紀尾井テラス 3F,638,False,35.679258254586586,139.73794648480026
食べログ 寿司 TOKYO 百名店 2022 選出店,きざ㐂,赤坂見附駅 123m , 寿司,,"￥20,000～￥29,999","￥20,000～￥29,999",4.04,月曜日,https://tabelog.com/tokyo/A1308/A130801/13221218/,完全予約制,ご予約は予約専門サイトにて承ります,赤阪見附駅より徒歩3分 赤坂見附駅から123m,,,カード可 （VISA、Master、JCB、AMEX、Diners） 電子マネー不可 QRコード決済不可,"35.67639123870938,139.73590898435694",03-6807-4110,東京都港区赤坂3-21-10 赤坂清明会館ビル5C,407,False,35.67639123870938,139.73590898435694
,鮨 西崎,東北沢駅 412m , 寿司,,"￥20,000～￥29,999","￥20,000～￥29,999",4.04,-,https://tabelog.com/tokyo/A1318/A131811/13270984/,完全予約制,,東北沢駅から412m,,,カード可 電子マネー不可 QRコード決済不可,"35.66890753869362,139.67146788432652",不明の為情報お待ちしております,東京都世田谷区北沢5-3-12 B1F,160,True,35.66890753869362,139.67146788432652
食べログ 寿司 TOKYO 百名店 2022 選出店,冨所,御成門駅 288m , 寿司,,"￥15,000～￥19,999","￥15,000～￥19,999",4.03,-,https://tabelog.com/tokyo/A1314/A131401/13223846/,予約可,,御成門駅から288m,,,カード可 （VISA、Master、JCB、AMEX） 電子マネー不可 QRコード決済不可,"35.66190373872436,139.7540634841979",03-6876-0646,東京都港区新橋6-13-3 1F,512,False,35.66190373872436,139.7540634841979
食べログ 寿司 TOKYO 百名店 2022 選出店,鮨 ます田,表参道駅 196m , 寿司,【表参道駅徒歩3分】ミシュラン2つ星を3年連続で獲得。こだわり抜いた江戸前寿司を堪能,"￥40,000～￥49,999","￥40,000～￥49,999",4.03,-,https://tabelog.com/tokyo/A1306/A130602/13268503/,完全予約制,※広範囲なアレルギーや苦手な食材がある場合、ご予約をお断りする可能性がございます。予めご了承ください。※ご予約のお時間に一斉スタートとなります。万が一、遅刻・途中退店される場合、コースの一部をお出しできない可能性もございますので、時間には余裕を持ってお越しくださいますようお,東京メトロ線　千代田線　半蔵門線線、表参道駅　A4出口徒歩3分 表参道駅から196m,,,カード可 （VISA、Master、JCB、AMEX、Diners） 電子マネー不可 QRコード決済不可,"35.66560313870945,139.7146135842629",03-6438-9179,東京都港区南青山3-14-27 IJK南青山れい 1F,140,False,35.66560313870945,139.7146135842629
食べログ 寿司 TOKYO 百名店 2022 選出店,鮨 まつうら,白金高輪駅 612m , 寿司、日本料理,至極の握りが丁寧な所作から提供される。 伝統を守り進化する仕込み。,"￥30,000～￥39,999","￥30,000～￥39,999",4.02,日曜日、祝日,https://tabelog.com/tokyo/A1316/A131602/13239788/,完全予約制,,白金高輪駅 徒歩8分程度北里大学病院へ向かってローソンの角を右に曲がる。 白金高輪駅から612m,17:00 - 22:30,■ 営業時間ランチ　12:00の一斉スタート土曜日のみの営業。夜と同じお任せコースになります。ディナー　最終入店.20：0017:00〜19:3020:00〜22:30の2回転制当日キャンセルはその日のコース料金100%頂きます。キャンセル、人数変更は早めにお願い致します。■ 定休日隔週月曜日,カード可 （VISA、Master、JCB、AMEX、Diners） 電子マネー不可 QRコード決済不可,"35.644482038727006,139.72769208404037",03-6450-2557,東京都港区白金5-7-8 ウイング綱島 1F,207,False,35.644482038727006,139.72769208404037
,寿司 健,東銀座駅 367m , 寿司,,"￥50,000～￥59,999","￥50,000～￥59,999",3.99,月曜日,https://tabelog.com/tokyo/A1301/A130101/13271362/,予約可,,銀座駅より徒歩6分新橋駅より徒歩7分 東銀座駅から367m,,,カード可 （AMEX） 電子マネー不可 QRコード決済不可,"35.66822173872337,139.76357028425502",03-3575-7880,東京都中央区銀座7-11-6 GINZA ISONOビル 2F,106,False,35.66822173872337,139.76357028425502
食べログ 寿司 TOKYO 百名店 2022 選出店,鮨 あお,表参道駅 218m , 寿司,,"￥30,000～￥39,999","￥30,000～￥39,999",3.98,-,https://tabelog.com/tokyo/A1306/A130602/13246982/,完全予約制,ご予約は予約サイトOMAKASEより承っております,表参道駅B2出口より徒歩2分246沿い紀伊国屋手前を右に入った裏手 表参道駅から218m,,,カード可 （VISA、Master、JCB、AMEX、Diners） 電子マネー不可,"35.66423583870897,139.71039868425203",03-6450-5235,東京都港区北青山3-10-13 FPG links OMOTESANDO B棟 2F,268,False,35.66423583870897,139.71039868425203
,あら輝,赤坂駅 148m , 寿司,,"￥60,000～￥79,999","￥60,000～￥79,999",3.98,-,https://tabelog.com/tokyo/A1308/A130801/13296725/,完全予約制,,赤坂駅から148m,,,カード可 電子マネー不可 QRコード決済可 （d払い）,"35.67105436501088,139.73537902019442",不明の為情報お待ちしております,東京都港区赤坂6-3-16 赤坂ストリートビルディング 2F,30,False,35.67105436501088,139.73537902019442
食べログ 寿司 TOKYO 百名店 2022 選出店,らんまる,不動前駅 447m , 寿司,,"￥20,000～￥29,999","￥20,000～￥29,999",3.97,,https://tabelog.com/tokyo/A1317/A131710/13217903/,予約可,,不動前駅から448mタクシーで御来店される場合は目黒不動尊正門前　とお伝えください。 不動前駅から447m,17:30 - 20:00,"■ 営業時間¥26,000(税込)",カード可 （VISA、Master、JCB、AMEX、Diners） 電子マネー不可 QRコード決済不可,"35.62709563873202,139.7087056838781",03-5734-1461,東京都目黒区下目黒3-16-2 1F,537,False,35.62709563873202,139.7087056838781
食べログ 寿司 TOKYO 百名店 2022 選出店,鮨 たかはし,銀座一丁目駅 245m , 寿司,妥協なき美味への追究。一途な握りと自由な酒肴に癒される、実直で新しい銀座鮨,"￥30,000～￥39,999","￥30,000～￥39,999",3.97,-,https://tabelog.com/tokyo/A1301/A130101/13165933/,予約可,第1部17:00-19:15第2部19:30-,東京メトロ　有楽町線　銀座一丁目駅　10番･11番出口から徒歩２分銀座駅、京橋駅からも徒歩圏内 銀座一丁目駅から245m,,,カード可 （VISA、Master、JCB、AMEX、Diners） 電子マネー不可 QRコード決済不可,"35.67323723872211,139.76961068430145",03-3561-6503,東京都中央区銀座1-14-14 吉電ビル 1F,388,False,35.67323723872211,139.76961068430145
食べログ 寿司 TOKYO 百名店 2022 選出店,鮨 在,広尾駅 186m , 寿司、海鮮,"直近では12月3日20時個室,24日17時半個室ご案内可能です【WEB予約は1名様～〇】","￥20,000～￥29,999","￥20,000～￥29,999",3.97,,https://tabelog.com/tokyo/A1307/A130703/13233764/,予約可,"＊お電話は12時(土曜日10時)～23時の受付となります。（混雑時は転送となることがございます。店休日を除く）＊WEB予約は終日受付中。「鮨在」「予約」検索いただくとテーブルチェックWEB予約ページからご予約いただけます。＊ディナー後半（19:30,20:00）の個室利用は大人3名様からとなります。＊十分な待合スペースが無い為、ご来店当日はご予約のお時間を目安にご来店くださいませ。",日比谷線広尾駅より徒歩4分1階ゆりの木薬局様のビルの5階となります。左側の扉をそのまま開けていただき、エレベーターで5階まで宜しくお願い致します。（インターホンがありますが、開錠されていますので、そのままご来店ください） 広尾駅から186m,17:30 - 22:30,■ 営業時間土曜日はディナーと同様のおまかせのみ。ランチ営業は土曜日のみ。月2回程度、若手育成ランチを水曜日12時から不定期開催しております。お問い合わせ、ご予約は店舗までお電話下さい。■ 定休日日・月曜日を中心に月8日休み(夏・冬季休業日あり),カード可 （VISA、Master、JCB、AMEX、Diners） 電子マネー不可 QRコード決済不可,"35.65046283872111,139.7210833841054",03-3446-1134,東京都渋谷区広尾5-3-13 Barbizon86 5F,375,False,35.65046283872111,139.7210833841054
食べログ 寿司 TOKYO 百名店 2022 選出店,銀座 鮨 かねさか 本店,新橋駅 434m , 寿司,日本美に包まれ、魯山人の器でいただく、鮨の頂点を極める名店,"￥60,000～￥79,999","￥60,000～￥79,999",3.96,月曜日、日曜日,https://tabelog.com/tokyo/A1301/A130103/13005003/,予約可,外国からのお客様は、ホテルのコンシェルジュを通して予約が必要。,東京メトロ銀座駅　[A4]出口より徒歩5分JR／メトロ／都営新宿線新橋駅[銀座口]より徒歩5分 新橋駅から434m,,,カード可 （VISA、Master、JCB、AMEX、Diners） 電子マネー不可 QRコード決済可 （d払い）,"35.66798503872323,139.7626300842533",03-5568-4411,東京都中央区銀座8-10-3 三鈴ビル　Ｂ１Ｆ,512,False,35.66798503872323,139.7626300842533
,鮨 陸,広尾駅 235m , 寿司,,"￥30,000～￥39,999","￥30,000～￥39,999",3.96,-,https://tabelog.com/tokyo/A1307/A130703/13301089/,予約可,予約は『OMAKASE』サイトより,広尾駅より徒歩3分恵比寿駅より徒歩15分 広尾駅から235m,,,カード可 電子マネー不可 QRコード決済不可,"35.64989747396603,139.7212556768187",070-8361-8161,東京都渋谷区広尾5-13-6 ARISTO広尾ビル 1F,36,False,35.64989747396603,139.7212556768187
食べログ 寿司 TOKYO 百名店 2022 選出店,恵比寿 えんどう,恵比寿駅 252m , 寿司,,"￥20,000～￥29,999","￥20,000～￥29,999",3.95,-,https://tabelog.com/tokyo/A1303/A130302/13231081/,完全予約制,予約は予約サイトOMAKASEから,恵比寿駅から252m,,,カード可 （VISA、Master、JCB、AMEX、Diners） 電子マネー不可 QRコード決済不可,"35.644595838721465,139.7104587840536",03-6303-1152,東京都渋谷区恵比寿南1-17-2 4F,297,False,35.644595838721465,139.7104587840536
The Tabelog Award 2024 Bronze 受賞店,きよ田,銀座駅 294m , 寿司,心で作り上げる握りに、客人は詠嘆の声を上げる。全国の美食家が一度は来店したいと願う鮨屋,"￥50,000～￥59,999","￥50,000～￥59,999",3.95,日曜日、祝日,https://tabelog.com/tokyo/A1301/A130101/13070238/,予約可,,東京メトロ 各 銀座駅C2出口　徒歩5分 銀座駅から294m,,,カード可 （JCB、AMEX、Diners） 電子マネー不可 QRコード決済不可,"35.67146063872048,139.76095388428956",03-3572-4854,東京都中央区銀座6-3-15 ,252,False,35.67146063872048,139.76095388428956
The Tabelog Award 2024 Bronze 受賞店,海味,外苑前駅 303m , 寿司,匠の技が生み出す、頂点を極めた江戸前鮨を堪能。銀座にて分店を出店致しました,"￥30,000～￥39,999","￥30,000～￥39,999",3.94,,https://tabelog.com/tokyo/A1306/A130603/13001179/,完全予約制,,外苑前駅1a出口より徒歩10分 外苑前駅から303m,,,カード可 （VISA、Master、JCB、AMEX、Diners） 電子マネー不可 QRコード決済不可,"35.6676296387092,139.71789588428106",03-3401-3368,東京都港区南青山3-2-8 三南ビル　１Ｆ,669,False,35.6676296387092,139.71789588428106
食べログ 寿司 TOKYO 百名店 2022 選出店,うを徳,東向島駅 179m , 寿司,鮨屋で味わう割烹の味。江戸前鮨と、京都仕込の酒肴を堪能する。,"￥15,000～￥19,999","￥15,000～￥19,999",3.94,-,https://tabelog.com/tokyo/A1312/A131203/13017947/,予約可,,東武伊勢崎線「東向島駅」より徒歩4～5分京成押上線「京成曳舟駅」より徒歩15~20分都営バス南千48/墨38/里22「百花園前」停留所より徒歩1分 東向島駅から179m,,,カード可 （VISA、Master、JCB、AMEX、Diners） 電子マネー不可,"35.72391993870514,139.81742838477987",03-3613-1793,東京都墨田区東向島4-24-26 ,336,True,35.72391993870514,139.81742838477987
The Tabelog Award 2024 Bronze 受賞店,すきやばし 次郎,銀座駅 97m , 寿司,,"￥60,000～￥79,999","￥60,000～￥79,999",3.93,日曜日、祝日,https://tabelog.com/tokyo/A1301/A130101/13002260/,完全予約制,,銀座駅徒歩1分（C6出口すぐ）地下1階 銀座駅から97m,11:30 - 14:00,■ 営業時間17:00～20:30（17:30と19:00の2部制）※18時から19時ですが、集合は20分前（17:40）です。※19時半からの方も集合が19:10で終了が20時半だと思います。■ 定休日8月中旬、年末年始,カード可 （VISA、Master、JCB、AMEX、Diners） 電子マネー不可 QRコード決済不可,"35.67274003872061,139.76393768430043",03-3535-3600,東京都中央区銀座4-2-15 塚本ビル　Ｂ１Ｆ,405,False,35.67274003872061,139.76393768430043
The Tabelog Award 2024 Bronze 受賞店,はっこく,銀座駅 206m , 寿司,多くの人を鮨で喜ばせたい。真摯な想いを込めて握る30貫は、ゲストを魅了してやまない至高の味,"￥30,000～￥39,999","￥30,000～￥39,999",3.92,-,https://tabelog.com/tokyo/A1301/A130101/13217157/,完全予約制,予約希望日の2ヶ月前より予約可※ご予約は予約専用サイトより承っております,地下鉄 銀座線・日比谷線　銀座駅 銀座駅から206m,,,カード可 （VISA、Master、JCB、AMEX、Diners） 電子マネー不可,"35.67044673872168,139.76271018427812",03-6280-6555,東京都中央区銀座6-7-6 ラペビル3階,658,False,35.67044673872168,139.76271018427812
食べログ 寿司 TOKYO 百名店 2022 選出店,鮨 つぼみ,中目黒駅 606m , 寿司,,"￥20,000～￥29,999","￥20,000～￥29,999",3.92,-,https://tabelog.com/tokyo/A1317/A131701/13221782/,予約可,,東急東横線 中目黒駅より徒歩8分東京メトロ日比谷線 中目黒駅より徒歩8分田園都市線　池尻大橋駅より徒歩１３分（1000m）中目黒駅から8分(700m) 中目黒駅から606m,,,カード可 （VISA、Master、JCB、AMEX、Diners） 電子マネー不可 QRコード決済不可,"35.64669103871456,139.69295098408705",03-6451-0903,東京都目黒区東山1-21-26 QG東山 1F,433,False,35.64669103871456,139.69295098408705
食べログ 寿司 TOKYO 百名店 2022 選出店,佐たけ,築地市場駅 330m , 寿司、海鮮,【空席】11/27(水)17:30~メインカウンター３席、はなれカウンター３席,"￥20,000～￥29,999","￥20,000～￥29,999",3.92,,https://tabelog.com/tokyo/A1301/A130103/13258466/,完全予約制,・当店は一斉スタートとなりますので時間厳守にてお願い申し上げます。 コース開始から２０分を過ぎてもご来店ない場合、キャンセル扱いとさせて頂きキャンセル料１００％をお支払い頂きます。・広範囲なアレルギーや苦手食材がある場合(グルテンフリー、ベジタリアン、生の魚を召し上がれない等)、ご予約を強制的にキャンセルさせて頂く場合がございます。予めご了承下さい。,築地市場駅6分東銀座駅8分新橋駅8分汐留駅9分 築地市場駅から330m,17:30 - 22:30,■ 営業時間11:30〜13:00(隔週水曜日),カード可 （VISA、Master、JCB、AMEX、Diners） 電子マネー不可 QRコード決済不可,"35.666494239070765,139.76385603180472",03-3545-7775,東京都中央区銀座8-14-9 DUPLEX銀座タワー8/14 1F,353,True,35.666494239070765,139.76385603180472
食べログ 寿司 TOKYO 百名店 2022 選出店,木挽町 とも樹,東銀座駅 106m , 寿司,,"￥40,000～￥49,999","￥40,000～￥49,999",3.91,水曜日、日曜日、祝日,https://tabelog.com/tokyo/A1301/A130101/13040702/,完全予約制,ご予約のお電話は、12：00から17：00の間にお願い致します。,東京メトロ日比谷線・都営浅草線「東銀座駅」より徒歩1分 東銀座駅から106m,,,カード可 （VISA、Master、JCB、AMEX、Diners） 電子マネー不可 QRコード決済不可,"35.67008163872363,139.76809448427065",03-5550-3401,東京都中央区銀座4-12-2 ,105,False,35.67008163872363,139.76809448427065
食べログ 寿司 TOKYO 百名店 2022 選出店,鮨桂太,築地駅 310m , 寿司,,"￥20,000～￥29,999","￥20,000～￥29,999",3.88,-,https://tabelog.com/tokyo/A1313/A131301/13213360/,予約可,15時から17時の間は営業準備のためお電話に出ることができませんのでご了承ください。,築地駅から310m,,,カード可 （VISA、Master、JCB、AMEX、Diners） 電子マネー不可 QRコード決済不可,"35.665405038728366,139.7736616842195",03-6264-2234,東京都中央区築地6-6-4 ,346,True,35.665405038728366,139.7736616842195
食べログ 寿司 TOKYO 百名店 2022 選出店,後楽寿司 やす秀,四谷三丁目駅 422m , 寿司、海鮮、かに,【お取り寄せ】冬期限定●やす秀特製漬け鮪丼～赤身の極み～次回受付：11/9㈯10時～,"￥20,000～￥29,999","￥20,000～￥29,999",3.88,日曜日、祝日,https://tabelog.com/tokyo/A1309/A130902/13212833/,予約可,※御予約のキャンセル、変更はお手数をですが2日前までにお電話下さいますようお願い致します。※前日キャンセルから（12月26日～1月3日のご予約含む）人数変更の場合、料理分をお支払い頂きます。　何卒、ご理解くださいませ。,「四ツ谷駅」から徒歩6分「四谷三丁目駅」から徒歩6分 四谷三丁目駅から422m,17:30 - 20:00L.O. ドリンク19:30,営業日：月～土・月末最終日曜定休日：日曜・祝日,カード可 （VISA、Master） 電子マネー不可 QRコード決済不可,"35.68811433869854,139.7252739844828",03-3351-3440,東京都新宿区四谷三栄町5-2 ,105,False,35.68811433869854,139.7252739844828
,鮨 美幸,新富町駅 231m , 寿司,,"￥15,000～￥19,999","￥15,000～￥19,999",3.86,-,https://tabelog.com/tokyo/A1313/A131301/13273113/,完全予約制,・コース内の2品以上に影響が出うる、広範囲なアレルギー/苦手食材はキャンセル扱いになり、お申し出のタイミングによってはキャンセルポリシーの対象となります。ご予約前に予めご確認頂ますようご了承ください。・ご予約のお時間に一斉スタートとなります。万が一、遅刻・途中退店される場合、コースの一部をお出しできない可能性もございますので、時間には余裕を持ってお越しくださいますようお願い致します。,東京メトロ有楽町線新富町駅、同日比谷線八丁堀駅から徒歩3分 新富町駅から231m,,,カード可 （VISA、Master、JCB、AMEX） 電子マネー不可 QRコード決済不可,"35.6723098481077,139.77500901410417",不明の為情報お待ちしております,東京都中央区新富1-15-11 マキプラザ 1F,202,False,35.6723098481077,139.77500901410417
,鮨 心白,恵比寿駅 455m , 寿司,,"￥30,000～￥39,999","￥30,000～￥39,999",3.86,-,https://tabelog.com/tokyo/A1303/A130302/13239713/,予約可,,恵比寿駅から455m,,,カード可 （AMEX） 電子マネー不可 QRコード決済不可,"35.644965038722525,139.71454218405447",03-6721-7880,東京都渋谷区恵比寿4-22-4 ,179,False,35.644965038722525,139.71454218405447
食べログ 寿司 TOKYO 百名店 2022 選出店,麻布十番 秦野よしき,麻布十番駅 155m , 寿司、海鮮、日本料理,『脂と酸』がテーマ。真摯にひたむきに。『秦野よしき』,"￥30,000～￥39,999","￥30,000～￥39,999",3.84,日曜日,https://tabelog.com/tokyo/A1307/A130702/13158874/,完全予約制,"予約はOMAKASEポケットコンシェルジュお電話よりお願い致します。2ヶ月先の予約まで受付させて頂きます。※〔例〕4月1日に6月1日から末までの予約を受付開始。おまかせ 33,000税込当日キャンセル不可。当日キャンセルはお代をご請求頂きたく存じます。☆当日100%☆前日50%",麻布十番７番出口より徒歩２分7番出口を出ましたら、すぐに横断歩道を渡り、ENEOSと塩屋の間を通り、真っ直ぐ進み、十字路を過ぎ、三井住友銀行が一階に入ったビルの地下2階です。 麻布十番駅から155m,18:00 - 22:30,■ 営業時間2部制①18時〜20時②20時30分〜22時30分一斉スタートになります。お時間にゆとりを持っておこしください。10分前にお席にご案内させて頂きます。■ 定休日祝日の月曜日は定休 ※但し、貸切のご予約は営業。,カード可 （VISA、Master、JCB、AMEX、Diners） 電子マネー不可 QRコード決済不可,"35.65563823872217,139.73471668414814",03-6809-4250,東京都港区麻布十番2-8-6 ラベイユ麻布十番 B2F,159,False,35.65563823872217,139.73471668414814
食べログ 寿司 TOKYO 百名店 2022 選出店,鮨 佐がわ,六本木駅 307m , 寿司,,"￥30,000～￥39,999","￥30,000～￥39,999",3.84,日曜日、祝日,https://tabelog.com/tokyo/A1307/A130701/13252500/,完全予約制,当店、会員様のみのご利用となります。2022年12月末でお昼の営業終了となっております。,六本木駅から徒歩３分 六本木駅から307m,,,カード可 （VISA、Master、JCB、AMEX） 電子マネー不可 QRコード決済不可,"35.66472033871604,139.73355518424069",03-6447-2525,東京都港区六本木4-2-35 アーバンスタイル六本木三河台 B1F,84,False,35.66472033871604,139.73355518424069
,鮨 ゆうき,広尾駅 278m , 寿司,,"￥30,000～￥39,999","￥30,000～￥39,999",3.83,-,https://tabelog.com/tokyo/A1307/A130703/13294395/,完全予約制,・WEB予約についてはOMAKSE経由,広尾駅から278m,,,カード可 （VISA、AMEX） 電子マネー不可 QRコード決済不可,"35.649830832222456,139.72040495831433",03-6277-0468,東京都渋谷区広尾5-17-4 1F,116,False,35.649830832222456,139.72040495831433
,鮨 奥,浅草（つくばＥＸＰ）駅 448m , 寿司,,"￥20,000～￥29,999","￥20,000～￥29,999",3.82,-,https://tabelog.com/tokyo/A1311/A131102/13257709/,予約可,,浅草駅（つくばＥＸＰ）から448m,,,カード可 （VISA、JCB） 電子マネー不可 QRコード決済不可,"35.718044038701144,139.79313418473757",03-6802-4474,東京都台東区浅草3-42-12 浅草ダイカンプラザ天仁ビル 1F,78,True,35.718044038701144,139.79313418473757
食べログ 寿司 TOKYO 百名店 2022 選出店,鮨 竜介,銀座駅 397m , 寿司,正統派の技が冴え渡る握りと、独創性溢れる斬新なつまみ。他に類を見ない“楽しい鮨”がここに。,"￥30,000～￥39,999","￥30,000～￥39,999",3.8,日曜日、祝日,https://tabelog.com/tokyo/A1301/A130101/13185503/,予約可,・ランチ・ディナーと共に予約必須・予約はHPからも承ります。,地下鉄銀座駅から９分新橋駅から６分 銀座駅から397m,17:30 - 22:30,■ 営業時間12:00ランチ予約必須,カード可 （JCB、AMEX、Diners） QRコード決済可 （d払い）,"35.67029943872099,139.76022248427836",03-3572-1530,東京都中央区銀座7-3-13 銀座第四金井ビル B1F,269,False,35.67029943872099,139.76022248427836
食べログ 寿司 TOKYO 百名店 2022 選出店,鮨 いしやま,銀座駅 185m , 寿司,,"￥20,000～￥29,999","￥20,000～￥29,999",3.8,月曜日,https://tabelog.com/tokyo/A1301/A130101/13225073/,予約可,,銀座駅から185m,12:00 - 15:00,■ 営業時間17:30～22:30(最終入店)※日曜は昼のみ営業,カード可 （JCB、AMEX、Diners） 電子マネー不可 QRコード決済不可,"35.67311993872088,139.76552328430316",03-3538-3969,東京都中央区銀座3-3-6 銀座モリタビル 4F,217,False,35.67311993872088,139.76552328430316
,鮓 ふじなが,麻布十番駅 203m , 寿司,,"￥60,000～￥79,999","￥60,000～￥79,999",3.8,-,https://tabelog.com/tokyo/A1307/A130702/13265370/,予約不可,完全会員制,麻布十番駅から203m,,,カード可 （AMEX） 電子マネー不可 QRコード決済不可,"35.65656613872129,139.73378368415817",03-6435-3522,東京都港区麻布十番1-5-18 カートブラン麻布十番 4F,175,False,35.65656613872129,139.73378368415817
食べログ 寿司 TOKYO 百名店 2022 選出店,紀尾井町 三谷 別邸,永田町駅 196m , 寿司,,"￥30,000～￥39,999","￥30,000～￥39,999",3.8,-,https://tabelog.com/tokyo/A1308/A130801/13262994/,完全予約制,お電話又は下記URLのOMAKASEよりご予約頂けます。,永田町駅から196m,,,カード可 （VISA、Master、JCB、AMEX、Diners） 電子マネー不可 QRコード決済不可,"35.67999012055067,139.7379350631635",03-6256-9881,東京都千代田区紀尾井町1-2 東京ガーデンテラス紀尾井町 3F,145,False,35.67999012055067,139.7379350631635
,すし 田いら,港区 , 寿司,,"￥40,000～￥49,999","￥40,000～￥49,999",3.8,-,https://tabelog.com/tokyo/A1307/A130702/13271063/,予約可,OMAKASEから,,,,カード可 電子マネー不可 QRコード決済不可,"0.0,0.0",非公開,東京都港区 ,72,False,0.0,0.0
,鮨 太一,銀座駅 266m , 寿司,,"￥20,000～￥29,999","￥20,000～￥29,999",3.79,-,https://tabelog.com/tokyo/A1301/A130101/13060788/,予約可,,地下鉄銀座駅から徒歩5分地下鉄東銀座から徒歩12分 銀座駅から266m,,,カード可 （VISA、Master、JCB、AMEX、Diners） 電子マネー不可 QRコード決済可 （d払い）,"35.671212338720764,139.7613366842868",03-3573-7222,東京都中央区銀座6-4-13 浅黄ビル 2F,442,False,35.671212338720764,139.7613366842868
食べログ 寿司 TOKYO 百名店 2022 選出店,すきやばし 次郎 六本木ヒルズ店,六本木駅 483m , 寿司,,"￥30,000～￥39,999","￥30,000～￥39,999",3.79,水曜日,https://tabelog.com/tokyo/A1307/A130701/13004426/,予約可,,東京メトロ 麻布十番駅 徒歩１０分、六本木駅 徒歩１０分 六本木駅から483m,,,カード可 （VISA、Master、JCB、AMEX、Diners） 電子マネー可 （交通系電子マネー（Suicaなど）、楽天Edy、nanaco、WAON、iD、QUICPay）,"35.658697438718455,139.72914448418297",03-5413-6626,東京都港区六本木6-12-2 レジデンスB棟 3F,177,False,35.658697438718455,139.72914448418297
食べログ 寿司 TOKYO 百名店 2022 選出店,鮨 いまむら,白金台駅 706m , 寿司,,"￥20,000～￥29,999","￥20,000～￥29,999",3.79,-,https://tabelog.com/tokyo/A1316/A131602/13247741/,完全予約制,,白金台駅から706m,,,カード可 （VISA、Master、JCB、AMEX） 電子マネー不可 QRコード決済不可,"35.64419253872646,139.7253330840391",03-5789-3637,東京都港区白金6-5-9 マンション芝白金II 1F,100,False,35.64419253872646,139.7253330840391
食べログ 寿司 TOKYO 百名店 2022 選出店,新橋鶴八,新橋駅 79m , 寿司,,"￥15,000～￥19,999","￥15,000～￥19,999",3.78,日曜日、祝日,https://tabelog.com/tokyo/A1301/A130103/13173432/,予約可,ランチは前日までに予約(5人限定),ＪＲ山手線・京浜東北線【新橋駅】烏森口／日比谷口　徒歩１分東京メトロ銀座線【新橋駅】徒歩３分都営地下鉄浅草線【新橋駅】徒歩４分 新橋駅から79m,,,カード不可 電子マネー不可 QRコード決済不可,"35.666281438722635,139.75738138423978",03-6206-6886,東京都港区新橋2-16-1 ニュー新橋ビル 2F,265,False,35.666281438722635,139.75738138423978
食べログ 寿司 TOKYO 百名店 2022 選出店,高柿の鮨,水天宮前駅 135m , 寿司,,"￥30,000～￥39,999","￥30,000～￥39,999",3.78,日曜日,https://tabelog.com/tokyo/A1302/A130204/13231297/,予約可,現在お昼の営業は中止しております。御迷惑をお掛け致しますが何卒ご了承下さい。,水天宮前駅から135m,18:00 - 22:30,■ 営業時間現在お昼の営業は中止しております。御迷惑をお掛け致しますが何卒ご了承下さい。,カード可 （VISA、Master、JCB、AMEX、Diners） 電子マネー不可 QRコード決済不可,"35.68275723872065,139.78398768438757",03-6231-0923,東京都中央区日本橋蛎殻町1-30-2 ,210,False,35.68275723872065,139.78398768438757
,鮨 由う,銀座一丁目駅 270m , 寿司、海鮮,28日はなれに20時1席、29日はなれに17時半と20時各1席の空きがございます,"￥30,000～￥39,999","￥30,000～￥39,999",3.78,,https://tabelog.com/tokyo/A1301/A130101/13291436/,完全予約制,"・予約の際メインカウンターとはなれカウンターの間違いが無いようご注意ください。※Sorry, we are not able to service in these cases below. Gluten free, Fish that does not use alcohol, Kosher, Other religious reasons. ・お酒を使用しないお料理は提供出来兼ねます。",銀座一丁目駅　徒歩2分宝町駅　徒歩3分東銀座駅　徒歩5分銀座駅　徒歩6分 銀座一丁目駅から270m,,,カード可 電子マネー不可 QRコード決済不可,"35.6730269771383,139.76978023902078",03-5524-1134,東京都中央区銀座1-14-6 GINZA LOUIS 8F,170,False,35.6730269771383,139.76978023902078
食べログ 寿司 TOKYO 百名店 2022 選出店,鮨 浩也,大門駅 326m , 寿司、日本料理,11月の予約も受け付けております。,"￥15,000～￥19,999","￥15,000～￥19,999",3.77,,https://tabelog.com/tokyo/A1314/A131401/13247407/,予約可,"For overseas customers, please make a reservation from Home page",浜松町(北口)・大門駅(B1~B4)より徒歩6分御成門駅より徒歩8分公式instagramにて大門/浜松町からの簡単な行き方を公開しております。 大門駅から326m,,,カード可 （VISA、Master、JCB、AMEX、Diners） 電子マネー不可 QRコード決済不可,"35.65946703872656,139.75612318417183",03-6432-0593,東京都港区浜松町1-9-2 E-GAMIビル 1F,344,True,35.65946703872656,139.75612318417183
,鮨 さいとう 麻布台,神谷町駅 394m , 寿司,,"￥30,000～￥39,999","￥30,000～￥39,999",3.77,-,https://tabelog.com/tokyo/A1307/A130701/13295096/,完全予約制,omakaseにて事前予約受付,神谷町駅から394m,,,カード可 （AMEX） 電子マネー不可 QRコード決済不可,"35.66170133872029,139.74090428420507",不明の為情報お待ちしております,東京都港区麻布台1-2-8 ガーデンプラザC B1F 麻布台ヒルズマーケット,151,False,35.66170133872029,139.74090428420507
食べログ 寿司 TOKYO 百名店 2022 選出店,銀座いち分,新富町駅 364m , 寿司,,"￥20,000～￥29,999","￥20,000～￥29,999",3.77,-,https://tabelog.com/tokyo/A1301/A130101/13209942/,完全予約制,ご予約は予約Webサイト( TableCheck、ポケットコンシェルジュ )、またはお電話にて受付しております。詳細は公式サイトをご覧ください。　【キャンセルポリシー】ご予約前々日〜　コース料金の50%ご予約当日　　　コース料金の100% SNS 等からのご予約は一切お受けしておりません。ご了承下さいませ。,東京メトロ有楽町線　新富町駅　徒歩6分東京メトロ日比谷線・都営浅草線　東銀座駅　徒歩約７分東京メトロ銀座線・丸ノ内線・日比谷線　銀座駅　徒歩約１２分 新富町駅から364m,,,カード可 （VISA、Master、JCB、AMEX、Diners） 電子マネー不可 QRコード決済可 （d払い）,"35.67197663872308,139.77015538428836",03-6260-6644,東京都中央区銀座2-13-19 銀座アルカビル 1F,81,False,35.67197663872308,139.77015538428836
食べログ 寿司 TOKYO 百名店 2022 選出店,すし家 一柳,銀座一丁目駅 65m , 寿司,,"￥20,000～￥29,999","￥20,000～￥29,999",3.76,-,https://tabelog.com/tokyo/A1301/A130101/13156961/,予約可,,東京メトロ有楽町線銀座一丁目駅6番口 徒歩2分銀座駅B4出口から並木通りを徒歩5分 銀座一丁目駅から65m,11:30 - 14:00,■ 定休日不定休（予約状況などみて判断されるそうです）,カード可 （VISA、Master、JCB、AMEX、Diners） 電子マネー不可,"35.67481423872029,139.7670161843192",03-3562-7890,東京都中央区銀座1-5-14 銀座コシミオンビル 1階,399,False,35.67481423872029,139.7670161843192
食べログ 寿司 TOKYO 百名店 2022 選出店,鮨竹,銀座駅 308m , 寿司,,"￥20,000～￥29,999","￥20,000～￥29,999",3.76,水曜日,https://tabelog.com/tokyo/A1301/A130101/13169506/,予約可,,銀座駅B3出口より徒歩5分 銀座駅から308m,11:30 - 14:00L.O. 12:30,■ 定休日祝日の月曜日,カード可 （VISA、Master、JCB、AMEX、Diners） 電子マネー不可 QRコード決済不可,"35.66977573872187,139.76194618427186",03-6228-5007,東京都中央区銀座7-6-5 石井紀州屋ビル 4F,253,False,35.66977573872187,139.76194618427186
,佐野鮨,芝公園駅 265m , 寿司,,"￥20,000～￥29,999","￥20,000～￥29,999",3.76,-,https://tabelog.com/tokyo/A1314/A131401/13290845/,予約可,予約は電話またはInstagramのDM,都営三田線 芝公園Ａ１出口から徒歩２分 芝公園駅から265m,,,カード可 電子マネー不可 QRコード決済不可,"35.651528238729874,139.75069378409543",03-6453-9666,東京都港区芝2-18-9 1F,113,False,35.651528238729874,139.75069378409543
,戸越銀座 鮨 ばんど,戸越銀座駅 498m , 寿司、日本料理、海鮮,電波回線が悪く電話が繋がない状態があり申し訳ございません。,"￥15,000～￥19,999","￥15,000～￥19,999",3.76,,https://tabelog.com/tokyo/A1317/A131712/13255116/,予約可,貸切は8名様以上で承っております。,東急池上線／戸越銀座駅(出入口2) 徒歩7分（540m）都営浅草線／戸越駅(A3) 徒歩8分（580m）東急目黒線／不動前駅 徒歩9分（680m）JR 五反田駅・大崎駅 徒歩10～15分東急バス東急バス・東急トランセ 渋72 荏原一 徒歩1分（86m） 戸越銀座駅から498m,11:30 - 14:00,■ 定休日不定休,カード可 （VISA、Master、JCB、AMEX、Diners） 電子マネー不可 QRコード決済不可,"35.620381390962834,139.71599962939362",03-6431-8668,東京都品川区西五反田6-22-11 1F,112,True,35.620381390962834,139.71599962939362
食べログ 寿司 TOKYO 百名店 2022 選出店,さき田,三鷹市 , 寿司,,"￥15,000～￥19,999","￥15,000～￥19,999",3.76,-,https://tabelog.com/tokyo/A1320/A132001/13216828/,完全予約制,,"吉祥寺より、バスで下連雀下車1分 井の頭公園駅から1,396m",,,カード可 （VISA、Master、JCB、AMEX、Diners） 電子マネー不可 QRコード決済不可,"35.691549738646756,139.5695254846267",0422-71-3133,東京都三鷹市下連雀1-9-17 Kビル 1F,104,False,35.691549738646756,139.5695254846267
,鮨 波やし,高円寺駅 156m , 寿司,,"￥10,000～￥14,999","￥10,000～￥14,999",3.76,-,https://tabelog.com/tokyo/A1319/A131904/13238504/,予約可,,高円寺駅から156m,,,カード可 （VISA、Master、JCB、AMEX、Diners） 電子マネー不可 QRコード決済不可,"35.70669423866282,139.6501849847231",不明の為情報お待ちしております,東京都杉並区高円寺北2-7-11 ,103,True,35.70669423866282,139.6501849847231
,鮨 祥,乃木坂駅 734m , 寿司,,"￥30,000～￥39,999","￥30,000～￥39,999",3.76,-,https://tabelog.com/tokyo/A1306/A130602/13261175/,完全予約制,ご予約時にお苦手な食材、食べ物アレルギーなどをお知らせください。 ご予約時にお申し出のない場合は、当日変更が出来ない場合がございます。,地下鉄銀座線表参道駅 A4番出口 徒歩10分地下鉄半蔵門線表参道駅 A4番出口 徒歩10分地下鉄千代田線表参道駅 A4番出口 徒歩10分地下鉄千代田線乃木坂駅 5番出口 徒歩10分 乃木坂駅から734m,,,カード可 （VISA、Master、JCB、AMEX、Diners） 電子マネー不可,"35.66164433871399,139.72098788421846",03-6427-3237,東京都港区西麻布2-15-1 三澤ビル B1F,94,True,35.66164433871399,139.72098788421846
,寺子屋 すし匠,神谷町駅 187m , 寿司,,"￥40,000～￥49,999","￥40,000～￥49,999",3.76,日曜日、祝日,https://tabelog.com/tokyo/A1307/A130704/13291238/,完全予約制,,東京メトロ日比谷線 神谷町駅 5番出口 直結 神谷町駅から187m,,,カード可 電子マネー可 QRコード決済可,"35.66193709040757,139.74329259110075",03-6450-1023,東京都港区虎ノ門5-9-1 麻布台ヒルズ ガーデンプラザB 1F,67,False,35.66193709040757,139.74329259110075
食べログ 寿司 TOKYO 百名店 2022 選出店,不動前 すし 岩澤,不動前駅 370m , 寿司,11月29日(金)前半のお時間で2席空席ございます。,"￥20,000～￥29,999","￥20,000～￥29,999",3.75,水曜日,https://tabelog.com/tokyo/A1317/A131710/13193460/,予約可,,駅からのアクセス東急目黒線 ／ 不動前駅 徒歩6分（450m）JR山手線 ／ 五反田駅(a2) 徒歩9分（670m）東急池上線 ／ 五反田駅(a2) 徒歩9分（670m 不動前駅から370m,17:30 - 23:00,■ 定休日祝日の月曜日,カード可 （VISA、Master、JCB、AMEX、Diners） 電子マネー不可 QRコード決済不可,"35.624228497096794,139.71700853514298",03-5436-8338,東京都品川区西五反田5-6-11 NSVビル 1F,265,False,35.624228497096794,139.71700853514298
,一宇,飯田橋駅 329m , 日本料理、寿司,神楽坂の路地裏に佇む上質な和空間。旬の味覚を用いて工夫を凝らした逸品と厳選銘酒に舌鼓を打つ,"￥20,000～￥29,999","￥20,000～￥29,999",3.75,月曜日,https://tabelog.com/tokyo/A1309/A130905/13268887/,予約可,遅れる際はご一報ください当日キャンセルはキャンセル料が発生すると思います,飯田橋駅から地下鉄B3徒歩2分JR飯田橋駅から徒歩5分神楽坂駅から徒歩8分 飯田橋駅から329m,18:00 - 23:00,■ 定休日不定休,カード可 （VISA、Master、JCB、AMEX、Diners） 電子マネー不可 QRコード決済不可,"35.70046013869573,139.74105638459645",03-6280-7047,東京都新宿区神楽坂2-22 1F,81,True,35.70046013869573,139.74105638459645
食べログ 寿司 TOKYO 百名店 2022 選出店,江戸前鮓 すし通,六本木駅 516m , 寿司、海鮮,心地よい余韻を残す、端正な握り、細やかな心配りで魅せる正統派熟成鮨,"￥30,000～￥39,999","￥30,000～￥39,999",3.74,,https://tabelog.com/tokyo/A1307/A130701/13061640/,予約可,"海外のお客様のご予約は、当サイトではお受けいたしかねます。Table Checkからのご予約をお待ちしております。We don't accept reservations from overseas guest through this site.Please boking through ""Table Check""",六本木駅1c出口より徒歩8分大江戸線六本木駅からは、徒歩２０分 六本木駅から516m,11:30 - 12:00,■ 営業時間【昼】予約可能時間：11:30～12:00【夜】予約可能時間：18:00～20:30・２ヶ月前から受け付けております。・ネット予約の際はカウンター、もしくは個室の選択をお願いいたします。選択されない場合、ご希望に添えないことがございます。・営業中はお電話が繋がりにくくなっております。,カード可 （VISA、Master、JCB、AMEX、Diners） 電子マネー不可 QRコード決済不可,"35.660104138716726,139.72650808419903",03-3404-2622,東京都港区西麻布3-1-15 RFビルB1F,584,False,35.660104138716726,139.72650808419903
食べログ 寿司 TOKYO 百名店 2022 選出店,鮨 利﨑,代々木公園駅 644m , 寿司、海鮮,今話題の“奥渋”エリアで美食家たちを唸らせる注目の寿司屋。気鋭の職人による自在な握りに舌鼓,"￥20,000～￥29,999","￥20,000～￥29,999",3.74,,https://tabelog.com/tokyo/A1303/A130301/13235258/,予約可,■ご予約を当日にキャンセルされた場合、下記の料金を頂戴いたします。何卒、よろしくお願いいたします。当日キャンセル : コース料金の100%前日キャンセル : コース料金の50%■お子様が同伴される場合は、1人前のコースが食べられる場合のみ可とさせていただきます。,※Google map ですと裏口に案内されてしまいます。　宇田川遊歩道沿いが正面入口となります。渋谷駅より徒歩13分代々木公園駅より徒歩9分 神泉駅より徒歩12分 代々木公園駅から644m,18:00 - 23:00,■ 営業時間２部制となります（２時間半制）【第１部】18:00～20:30【第2部】20:30～23:00,カード可 電子マネー不可 QRコード決済不可,"35.66416683870377,139.6939259842629",03-5738-8293,東京都渋谷区神山町8-2 ,357,False,35.66416683870377,139.6939259842629
,紀文寿司,浅草（東武・都営・メトロ）駅 211m , 寿司,,-,-,3.74,-,https://tabelog.com/tokyo/A1311/A131102/13016811/,予約可,,東京メトロ銀座線、東武伊勢崎線　浅草駅　徒歩２分都営地下鉄浅草線　浅草駅　徒歩４分つくばエクスプレス　浅草駅　徒歩５分 浅草駅（東武・都営・メトロ）から211m,,,カード可 （VISA、JCB、AMEX、Diners） 電子マネー不可 QRコード決済不可,"35.711589338705984,139.79546288467074",03-3841-0984,東京都台東区浅草1-17-10 ,256,False,35.711589338705984,139.79546288467074
食べログ 寿司 TOKYO 百名店 2022 選出店,すし岩瀬,都庁前駅 501m , 寿司,,"￥20,000～￥29,999","￥20,000～￥29,999",3.74,月曜日,https://tabelog.com/tokyo/A1304/A130401/13146391/,予約可,,都庁前駅から501m,15:00 - 21:30,■ 定休日第1・第3日曜日他 夏季・年末年始,カード可 （VISA、Master、JCB、AMEX、Diners） 電子マネー不可 QRコード決済不可,"35.686096438689404,139.69256248448534",03-6279-0149,東京都新宿区西新宿3-4-1 福地ビル 1F,199,True,35.686096438689404,139.69256248448534
,小笹寿し,下北沢駅 647m , 寿司,,"￥10,000～￥14,999","￥10,000～￥14,999",3.74,-,https://tabelog.com/tokyo/A1318/A131802/13001397/,予約不可,,下北沢駅から647m,,,カード不可 電子マネー不可 QRコード決済不可,"35.655734938701,139.66844278419558",03-3413-0488,東京都世田谷区代沢3-7-10 ,110,False,35.655734938701,139.66844278419558
,鮨 むらやま,銀座駅 282m , 寿司,,"￥40,000～￥49,999","￥40,000～￥49,999",3.74,-,https://tabelog.com/tokyo/A1301/A130101/13287621/,予約可,,銀座駅から282m,,,カード可 電子マネー不可 QRコード決済可 （d払い）,"35.66991412200624,139.7621929569097",03-6263-8295,東京都中央区銀座7-6-2 銀座門ビル 7F,91,False,35.66991412200624,139.7621929569097
,仲野,渋谷駅 500m , 寿司,,"￥30,000～￥39,999","￥30,000～￥39,999",3.74,-,https://tabelog.com/tokyo/A1303/A130301/13268768/,完全予約制,※必ずご予約者ご本人様がご来店くださいますようお願い致します。ご本人様以外の方のご来店はキャンセル扱いとさせていただきますので予めご了承ください。※広範囲なアレルギーや苦手な食材がある場合、ご予約をお断りする可能性がございます。予めご了承ください。※当日のキャンセルはキャンセル料としてコース料金100%のお支払いをお願いしております。,渋谷駅から徒歩7分表参道駅から徒歩10分 渋谷駅から500m,,,カード可 （AMEX） 電子マネー不可 QRコード決済可,"35.661094338709496,139.70579638422356",03-5774-1196,東京都渋谷区渋谷1-5-9 ,83,False,35.661094338709496,139.70579638422356
,鮨 梢,高輪台駅 257m , 寿司,,"￥30,000～￥39,999","￥30,000～￥39,999",3.74,-,https://tabelog.com/tokyo/A1316/A131603/13263453/,完全予約制,鮨梢Instagramより予約可能。,都営浅草線　高輪台駅より5分JR山手線　品川駅より10分 高輪台駅から257m,,,カード可 （VISA、Master、JCB、AMEX、Diners） 電子マネー不可 QRコード決済不可,"35.63341723873554,139.73237148392536",080-6519-6623,東京都港区高輪3-6-12 ブレアハウス,83,False,35.63341723873554,139.73237148392536
食べログ 寿司 TOKYO 百名店 2022 選出店,寿し処 寿々,溜池山王駅 171m , 寿司,銀座で練磨を重ねた実力派が魅せる、極上の握り。鮮魚と日本酒が織りなす、粋な味わいを楽しむ,"￥20,000～￥29,999","￥20,000～￥29,999",3.73,,https://tabelog.com/tokyo/A1308/A130802/13024464/,予約可,特になし,溜池山王駅11番出口徒歩1分 溜池山王駅から171m,,,カード可 （VISA、Master、JCB、AMEX、Diners） 電子マネー不可 QRコード決済不可,"35.6711269387144,139.7412430843",03-3586-1010,東京都港区赤坂2-9-4 １Ｆ,620,False,35.6711269387144,139.7412430843
